PassengerId,Transported
0013_01,0.576545498619028
0018_01,0.01
0019_01,1.0
0021_01,0.94
0023_01,0.38
0027_01,0.68
0029_01,1.0
0032_01,1.0
0032_02,1.0
0033_01,0.33
0037_01,0.19
0040_01,0.16
0040_02,0.69
0042_01,0.8561779054279051
0046_01,0.05
0046_02,0.0
0046_03,0.31
0047_01,1.0
0047_02,0.89
0047_03,0.01
0048_01,0.49
0049_01,0.02
0054_01,1.0
0054_02,0.98
0054_03,0.42
0055_01,0.17
0057_01,0.69
0059_01,0.6768386853113633
0060_01,0.67
0063_01,0.7169561549561548
0065_01,0.7427424239417271
0075_01,0.1
0079_01,0.6385238095238094
0080_01,0.46
0083_01,0.33
0087_01,0.23
0089_01,0.9012810429940725
0093_01,0.78
0094_01,0.0044444444444444444
0094_02,0.0
0095_01,0.8
0096_01,0.34
0100_01,0.785093788754004
0100_02,0.5882567651646599
0104_01,0.23
0106_01,0.8132761130338528
0109_01,0.18
0117_01,0.34
0118_01,0.79
0121_01,0.17
0124_01,0.6300238095238095
0125_01,1.0
0125_02,0.2
0130_01,0.37361904761904774
0131_01,0.67
0132_01,0.74
0135_01,0.27
0137_01,0.3584834054834053
0142_01,1.0
0142_02,0.19
0142_03,1.0
0143_01,0.43
0145_01,0.51
0150_01,1.0
0150_02,1.0
0153_01,0.46
0154_01,0.8451249999999999
0155_01,0.14
0156_01,1.0
0157_01,0.17
0158_01,0.26
0158_02,0.27
0159_01,0.02
0161_01,0.23
0162_01,1.0
0166_01,0.68
0168_01,0.946148992800621
0175_01,0.6755897618781875
0175_02,1.0
0175_03,0.7248778732974146
0175_04,0.576545498619028
0175_05,0.6760375086075886
0176_01,0.17
0180_01,0.18
0184_01,0.41
0185_01,0.85
0187_01,1.0
0191_01,0.31
0194_01,1.0
0194_02,1.0
0194_03,0.01
0204_01,0.44
0208_01,0.43
0209_01,0.02
0214_01,0.14
0214_02,0.11
0215_01,0.5550835861794663
0218_01,0.23
0226_01,0.59
0227_01,0.022000000000000002
0228_01,0.9199999718633619
0228_02,0.95
0228_03,1.0
0228_04,0.04
0230_01,1.0
0230_02,0.09
0235_01,0.34671003727804767
0236_01,0.8942695694828044
0238_01,0.0
0247_01,1.0
0247_02,1.0
0249_01,0.26
0256_01,0.59
0259_01,1.0
0262_01,0.25
0264_01,1.0
0264_02,1.0
0264_03,0.04
0266_01,0.16
0266_02,0.03
0268_01,0.1
0268_02,0.37
0271_01,0.08
0272_01,0.02
0273_01,0.94
0273_02,1.0
0273_03,0.22
0274_01,0.02
0274_02,0.7056976634476633
0276_01,0.07
0276_02,1.0
0279_01,0.56
0280_01,0.6
0284_01,0.74
0292_01,0.03
0293_01,1.0
0295_01,0.59
0296_01,0.26
0299_01,0.1
0300_01,0.06
0308_01,0.4993860028860028
0311_01,0.6816666666666665
0312_01,0.6671829154181367
0317_01,0.1
0318_01,0.5997240560493186
0319_01,0.03
0319_02,0.991768759203286
0323_01,0.7169561549561548
0325_01,0.8
0328_01,0.58
0329_01,1.0
0332_01,0.6477731288923405
0335_01,0.20240981240981232
0339_01,0.33
0339_02,0.09
0339_03,0.42
0339_04,0.85143093018093
0339_05,0.7957342650857574
0339_06,0.03
0339_07,0.16
0339_08,0.37
0342_01,0.58
0342_02,0.05083333333333333
0344_01,1.0
0344_02,0.24
0349_01,0.01
0349_02,1.0
0349_03,0.23
0349_04,1.0
0349_05,0.32
0349_06,0.17
0351_01,0.8305995670995671
0353_01,0.8016118137855922
0353_02,0.6351539351171701
0354_01,0.46
0362_01,0.85
0363_01,0.42
0363_02,0.24858623993675807
0363_03,0.33970951270951266
0364_01,0.86
0364_02,0.17
0366_01,0.6681690579666955
0367_01,0.05
0374_01,0.5
0374_02,0.05
0386_01,0.01
0390_01,0.6136785714285715
0393_01,0.07
0394_01,0.73
0399_01,0.7145589551141412
0400_01,1.0
0404_01,1.0
0406_01,0.47
0414_01,0.12
0416_01,0.19
0418_01,0.3
0419_01,0.69
0419_02,0.6768452380952378
0419_03,0.5749604042672155
0420_01,0.07
0421_01,0.99
0422_01,0.47
0424_01,0.14
0426_01,0.12
0440_01,0.47
0443_01,0.84
0450_01,0.36
0451_01,1.0
0455_01,0.39
0464_01,0.7223812431597783
0467_01,0.8665099206349199
0467_02,0.9517780079525932
0467_03,0.824520202020202
0467_04,0.96
0469_01,0.1
0473_01,0.37
0478_01,0.01
0478_02,1.0
0479_01,1.0
0483_01,1.0
0483_02,0.95
0484_01,0.99
0486_01,0.67
0489_01,0.8949219216456058
0489_02,1.0
0491_01,0.86
0492_01,0.19
0493_01,0.4626797646797648
0494_01,1.0
0494_02,0.66
0495_01,0.5955566753078363
0495_02,0.6755897618781875
0495_03,0.2734849039849039
0495_04,0.43564259593063925
0495_05,0.04
0495_06,0.46297188350864815
0496_01,0.9122941509385002
0496_02,0.7861735241882299
0497_01,0.8592411416842529
0505_01,0.13
0508_01,0.14
0509_01,0.3584834054834053
0511_01,0.14
0514_01,0.8132761130338528
0524_01,0.89
0526_01,0.5231645021645022
0530_01,0.09
0530_02,0.11
0530_03,1.0
0532_01,0.07
0532_02,1.0
0535_01,0.11
0536_01,0.18
0536_02,0.03
0541_01,1.0
0543_01,0.6768386853113633
0544_01,0.98
0554_01,0.01
0557_01,1.0
0557_02,1.0
0558_01,0.63
0562_01,0.7
0562_02,1.0
0574_01,0.0
0578_01,0.8132761130338528
0578_02,0.81
0584_01,0.5944998183565503
0584_02,0.07
0592_01,0.31
0595_01,0.8401376956376955
0601_01,0.5413333333333334
0604_01,0.79
0605_01,0.41
0606_01,0.7592622100122095
0613_01,1.0
0613_02,1.0
0616_01,0.06
0617_01,0.18
0620_01,0.07
0620_02,0.74
0620_03,0.9
0621_01,0.16
0622_01,0.04
0624_01,0.7716666666666667
0625_01,0.991768759203286
0625_02,0.7867069597069595
0625_03,1.0
0626_01,0.9365294111128842
0626_02,1.0
0626_03,0.95
0627_01,0.83
0632_01,0.16
0632_02,0.68
0632_03,0.7145589551141412
0640_01,1.0
0640_02,1.0
0648_01,0.13
0648_02,0.22
0649_01,0.5882567651646599
0651_01,1.0
0652_01,0.5820732323232322
0652_02,0.43564259593063925
0652_03,0.5986612913845968
0652_04,0.16
0652_05,0.9491608946608945
0654_01,0.77
0662_01,0.84
0666_01,0.5980904713318868
0666_02,0.7979999999999999
0667_01,0.18
0670_01,0.43
0670_02,0.0
0673_01,0.6484404761904762
0675_01,0.39
0676_01,0.06
0681_01,0.5944998183565503
0692_01,0.85
0694_01,0.9154357031857032
0695_01,0.909111111111111
0698_01,0.65
0700_01,0.27
0706_01,0.9154146825396825
0708_01,1.0
0708_02,1.0
0711_01,0.04
0716_01,0.11
0717_01,0.8597407592407589
0717_02,0.48
0717_03,0.8274394494394492
0717_04,0.946148992800621
0717_05,0.0
0717_06,0.16
0717_07,1.0
0720_01,1.0
0720_02,1.0
0720_03,0.09
0721_01,0.51
0722_01,0.2
0723_01,0.12
0725_01,0.9132524826394792
0730_01,0.55
0731_01,0.16
0731_02,0.17
0735_01,0.46
0739_01,0.29
0741_01,0.5
0742_01,0.67
0742_02,0.9133823683775725
0744_01,1.0
0745_01,0.03
0747_01,0.09
0748_01,0.8949219216456058
0748_02,0.06
0749_01,0.9169914045960615
0751_01,1.0
0752_01,0.5550835861794663
0755_01,0.67
0758_01,0.09
0758_02,1.0
0758_03,0.08
0759_01,1.0
0759_02,0.11
0759_03,1.0
0760_01,0.03
0763_01,0.946148992800621
0763_02,0.08
0766_01,0.8266778755014047
0774_01,0.89
0774_02,0.07
0774_03,0.9590000000000001
0775_01,1.0
0775_02,0.8274394494394492
0775_03,1.0
0775_04,0.07
0775_05,0.92
0775_06,1.0
0778_01,1.0
0778_02,0.31
0780_01,1.0
0783_01,0.54
0792_01,0.8578879731379732
0800_01,0.05
0801_01,0.9169914045960615
0803_01,0.895
0804_01,1.0
0807_01,0.41
0810_01,0.09
0812_01,0.8737701661084009
0814_01,0.16
0821_01,0.63
0827_01,0.13
0827_02,0.43078571428571427
0827_03,1.0
0831_01,0.05
0832_01,0.5388333349656879
0837_01,1.0
0837_02,0.02
0838_01,0.8665099206349199
0838_02,0.46
0841_01,0.15
0842_01,0.9133823683775725
0843_01,0.05083333333333333
0844_01,1.0
0847_01,0.1
0852_01,1.0
0854_01,0.5997240560493186
0855_01,0.86
0856_01,0.06
0857_01,0.64
0858_01,0.08
0858_02,0.6088537763406183
0861_01,0.24
0862_01,0.6477731288923405
0864_01,0.0
0864_02,0.9197630066012417
0864_03,1.0
0866_01,0.8906587162837163
0872_01,0.2
0880_01,1.0
0880_02,1.0
0882_01,0.91
0884_01,0.26
0884_02,0.45
0886_01,0.06
0886_02,0.6522380952380951
0886_03,1.0
0887_01,0.04
0887_02,0.15
0888_01,0.35
0888_02,0.31
0891_01,0.98
0892_01,1.0
0892_02,1.0
0892_03,1.0
0894_01,1.0
0895_01,0.42
0896_01,0.3
0897_01,1.0
0897_02,1.0
0900_01,0.2922845765345765
0908_01,0.34949807042802383
0909_01,0.02
0909_02,1.0
0909_03,0.7056976634476633
0914_01,0.01
0916_01,0.26
0917_01,0.48
0920_01,0.0
0929_01,0.42
0934_01,0.12
0936_01,0.16
0937_01,1.0
0943_01,1.0
0943_02,1.0
0943_03,0.27
0945_01,0.36
0945_02,0.1
0948_01,0.09
0950_01,0.6088537763406183
0954_01,0.48
0958_01,0.12
0959_01,0.3
0962_01,0.99
0963_01,1.0
0967_01,0.06
0973_01,0.0
0974_01,0.36
0977_01,0.5388333349656879
0980_01,0.39
0981_01,0.24
0981_02,0.909063492063492
0986_01,0.07
0986_02,1.0
0996_01,0.55
0999_01,0.6351539351171701
0999_02,0.46
1003_01,0.16
1007_01,0.15
1009_01,0.06
1010_01,0.6522380952380951
1016_01,0.0
1021_01,0.33
1023_01,0.5750800865800866
1028_01,0.9085
1037_01,0.4626797646797648
1039_01,0.05
1042_01,0.6
1044_01,0.94
1050_01,0.6755897618781875
1055_01,0.72
1059_01,1.0
1059_02,1.0
1061_01,1.0
1064_01,0.78
1064_02,0.28408441558441544
1067_01,0.5
1069_01,1.0
1070_01,0.7
1072_01,0.44716666666666677
1072_02,0.6681690579666955
1072_03,0.8
1072_04,0.58
1072_05,0.27
1072_06,0.17
1072_07,0.6635515873015873
1072_08,0.5231645021645022
1073_01,0.14
1074_01,0.24858623993675807
1074_02,0.7861735241882299
1081_01,0.36236363636363633
1087_01,0.7653333333333333
1090_01,1.0
1090_02,0.38
1092_01,0.8802738095238095
1098_01,0.17
1101_01,0.54
1103_01,0.1
1104_01,1.0
1106_01,0.0
1106_02,1.0
1107_01,0.24
1109_01,0.44
1111_01,0.49391064491064496
1111_02,0.33970951270951266
1111_03,0.12
1118_01,0.03
1118_02,1.0
1118_03,1.0
1118_04,0.39
1118_05,0.01
1119_01,0.19
1119_02,0.8233207903207898
1120_01,1.0
1122_01,0.6769385478094588
1124_01,1.0
1124_02,0.6671829154181367
1124_03,0.13
1125_01,0.24
1125_02,0.5231645021645022
1126_01,0.6088537763406183
1128_01,1.0
1128_02,1.0
1131_01,1.0
1135_01,0.12
1135_02,0.99
1135_03,0.0
1135_04,0.8
1137_01,0.68
1137_02,0.05
1138_01,1.0
1139_01,0.47622517270311404
1143_01,0.73
1145_01,1.0
1145_02,0.63
1145_03,0.26
1145_04,1.0
1151_01,0.64
1157_01,0.1
1158_01,0.8561779054279051
1158_02,0.7056976634476633
1159_01,0.5388333349656879
1159_02,0.07479193471460262
1159_03,0.8517500000000001
1160_01,0.4
1164_01,0.56
1171_01,0.02
1172_01,1.0
1176_01,0.42
1181_01,0.37
1183_01,1.0
1183_02,0.33
1183_03,1.0
1184_01,1.0
1184_02,0.24
1189_01,0.21
1194_01,0.02
1196_01,0.17
1196_02,0.05
1200_01,1.0
1201_01,0.17
1201_02,0.94
1202_01,0.12
1204_01,0.51
1205_01,0.08
1207_01,0.6760375086075886
1207_02,0.7573293650793651
1207_03,0.6265626985875831
1207_04,0.23
1209_01,0.04
1209_02,0.35
1217_01,1.0
1217_02,1.0
1219_01,0.01
1219_02,1.0
1224_01,0.8362196969696964
1224_02,0.89
1226_01,0.8949219216456058
1226_02,0.9197630066012417
1227_01,1.0
1237_01,0.18
1241_01,0.19
1244_01,1.0
1245_01,0.7600805389724254
1247_01,1.0
1249_01,0.28
1251_01,0.9213320476822802
1252_01,0.21
1253_01,0.0
1257_01,1.0
1257_02,1.0
1257_03,0.79
1257_04,1.0
1262_01,0.9122941509385002
1262_02,0.23
1265_01,0.6769385478094588
1266_01,0.23
1268_01,1.0
1270_01,0.91
1272_01,0.32
1275_01,0.19
1276_01,0.5136666666666667
1277_01,0.22
1290_01,0.08
1296_01,0.13
1297_01,1.0
1298_01,0.46297188350864815
1301_01,0.38
1301_02,0.33970951270951266
1301_03,0.6755897618781875
1303_01,0.62
1305_01,0.59
1313_01,0.47
1314_01,0.06
1315_01,0.71
1318_01,0.9953695160338383
1319_01,0.15
1319_02,0.03
1320_01,0.753265334838501
1320_02,0.8016118137855922
1320_03,0.8016118137855922
1321_01,0.9197630066012417
1321_02,1.0
1321_03,0.08
1321_04,0.29
1327_01,0.6681690579666955
1329_01,0.18
1334_01,0.06
1338_01,1.0
1338_02,1.0
1339_01,0.8371181513570065
1341_01,0.08
1341_02,0.8371181513570065
1341_03,0.6562727272727272
1343_01,0.04
1343_02,0.86
1343_03,0.15
1344_01,0.22
1346_01,0.46297188350864815
1349_01,0.8401376956376955
1349_02,0.998
1354_01,0.27
1354_02,0.5334931457431457
1354_03,0.986309523809524
1354_04,0.99
1354_05,0.9213320476822802
1354_06,0.544904761904762
1354_07,0.64
1358_01,0.9133823683775725
1358_02,0.21
1359_01,0.36
1361_01,0.9012810429940725
1361_02,0.04
1363_01,0.3
1364_01,0.63
1364_02,0.24
1367_01,1.0
1369_01,0.67
1369_02,0.9622817460317461
1369_03,0.99
1372_01,0.6768386853113633
1373_01,0.73
1374_01,0.9382941169952371
1388_01,0.8578879731379732
1392_01,0.22
1394_01,0.0944047619047619
1396_01,0.71
1405_01,0.81
1409_01,0.27
1409_02,0.9197630066012417
1411_01,0.69
1418_01,0.79
1422_01,1.0
1422_02,0.06
1422_03,0.0
1429_01,0.61
1432_01,0.34
1432_02,0.02
1436_01,0.43
1437_01,0.24
1441_01,0.15
1446_01,0.08
1448_01,0.3068267988656676
1449_01,0.06
1456_01,0.53
1459_01,0.19
1464_01,0.25
1466_01,0.27269444444444435
1468_01,0.5433333333333333
1469_01,0.03
1469_02,0.24
1470_01,0.6477731288923405
1471_01,0.7026607583736066
1471_02,0.6265626985875831
1471_03,0.5882567651646599
1471_04,0.5585985661397427
1471_05,0.22817857142857131
1472_01,1.0
1473_01,0.03
1473_02,0.01
1475_01,0.52
1476_01,0.4
1477_01,0.5
1477_02,0.08
1480_01,0.6929787989787987
1482_01,0.8665099206349199
1483_01,0.41
1486_01,0.6195722055722055
1487_01,0.9132524826394792
1487_02,0.58
1492_01,0.17
1492_02,0.15
1494_01,0.11
1495_01,0.01
1495_02,0.9366666666666668
1496_01,0.5157875180375181
1497_01,0.544904761904762
1497_02,1.0
1502_01,0.11
1502_02,0.99
1502_03,1.0
1502_04,1.0
1504_01,0.15
1505_01,0.21
1508_01,0.08
1512_01,0.39
1513_01,0.47622517270311404
1514_01,0.9085
1516_01,0.55
1517_01,0.11
1518_01,0.03
1518_02,0.47
1519_01,0.16
1522_01,0.8592411416842529
1530_01,0.94
1534_01,0.23
1534_02,0.03
1535_01,0.1
1537_01,1.0
1538_01,0.01
1538_02,0.07
1546_01,0.6484404761904762
1549_01,0.56
1553_01,0.8592411416842529
1553_02,0.19
1554_01,0.837114968364968
1554_02,0.43
1556_01,0.3584834054834053
1557_01,1.0
1559_01,1.0
1559_02,1.0
1563_01,0.9365294111128842
1566_01,1.0
1570_01,0.15
1571_01,0.26
1574_01,0.4626797646797648
1575_01,0.7600805389724254
1582_01,0.64
1582_02,0.5986612913845968
1583_01,1.0
1586_01,0.22
1587_01,0.7592622100122095
1587_02,1.0
1589_01,0.23
1591_01,0.03
1591_02,0.99
1598_01,0.85
1598_02,0.57
1600_01,0.21
1605_01,0.05
1607_01,0.753265334838501
1609_01,0.45
1610_01,0.71
1616_01,0.35200000000000004
1618_01,0.05
1620_01,0.04
1623_01,0.28
1627_01,0.5231645021645022
1629_01,1.0
1629_02,1.0
1629_03,0.8597407592407589
1629_04,0.9366666666666668
1629_05,1.0
1629_06,1.0
1639_01,0.21
1641_01,1.0
1642_01,0.05
1643_01,0.2
1648_01,0.946148992800621
1652_01,0.99
1654_01,0.05
1664_01,0.49
1665_01,1.0
1665_02,0.946148992800621
1667_01,0.05
1675_01,0.995
1678_01,0.16
1679_01,0.22817857142857131
1680_01,0.06
1680_02,1.0
1683_01,0.15
1684_01,0.06
1686_01,0.32
1689_01,0.8274394494394492
1689_02,0.4
1689_03,0.7
1692_01,0.8890708849973552
1693_01,0.64
1701_01,0.6671829154181367
1702_01,0.78
1703_01,0.46
1706_01,0.08
1707_01,0.31
1716_01,0.23
1720_01,0.1
1722_01,0.09
1726_01,0.06
1726_02,1.0
1726_03,0.25
1732_01,0.5944998183565503
1735_01,0.16
1737_01,0.37
1741_01,0.71
1741_02,0.5955566753078363
1741_03,0.41950617626379844
1743_01,0.27
1744_01,0.31
1750_01,0.4626797646797648
1751_01,1.0
1751_02,1.0
1754_01,0.63
1756_01,0.4
1759_01,0.7056976634476633
1765_01,0.7493702468412221
1773_01,0.25
1777_01,0.02
1777_02,1.0
1780_01,0.46
1784_01,0.18
1787_01,0.7721033688533687
1788_01,0.23
1789_01,0.07479193471460262
1790_01,0.6589297091797092
1790_02,0.6385238095238094
1791_01,0.9891666666666667
1791_02,0.9169914045960615
1793_01,0.16
1793_02,0.57
1794_01,0.13
1795_01,0.05
1801_01,0.61
1801_02,0.05
1809_01,0.6671829154181367
1814_01,0.38
1814_02,1.0
1814_03,0.5986612913845968
1815_01,0.99675
1819_01,0.21
1820_01,0.9133823683775725
1824_01,0.27
1825_01,0.67
1825_02,0.62
1830_01,0.6768452380952378
1832_01,0.15
1835_01,1.0
1835_02,1.0
1837_01,1.0
1838_01,0.9285056259249792
1839_01,0.0
1840_01,0.8533929958929956
1842_01,0.09
1845_01,0.13
1851_01,0.25
1851_02,1.0
1852_01,1.0
1852_02,0.72
1852_03,1.0
1852_04,1.0
1858_01,0.99
1862_01,0.08
1862_02,0.2
1862_03,0.5986612913845968
1867_01,1.0
1869_01,0.18
1870_01,0.17
1875_01,0.28
1876_01,0.11
1883_01,1.0
1885_01,0.42
1893_01,1.0
1894_01,0.9169914045960615
1895_01,0.36
1896_01,0.08
1900_01,0.73
1904_01,0.0
1909_01,1.0
1909_02,1.0
1909_03,0.11
1910_01,0.981904761904762
1910_02,0.15
1910_03,0.16
1910_04,1.0
1912_01,0.31
1913_01,0.77
1913_02,0.909357142857143
1913_03,1.0
1914_01,0.6331560106560103
1917_01,0.72
1919_01,0.7721033688533687
1921_01,0.26
1921_02,0.1
1924_01,0.7861735241882299
1929_01,0.07
1930_01,0.17
1932_01,0.01
1934_01,0.08
1936_01,0.02
1943_01,0.2
1944_01,0.26
1948_01,0.08
1948_02,1.0
1949_01,0.26
1951_01,1.0
1951_02,0.02
1954_01,0.14
1955_01,0.16
1958_01,0.05
1965_01,0.5749604042672155
1966_01,0.22
1970_01,0.14
1972_01,0.48
1982_01,0.07
1986_01,1.0
1987_01,0.53
1989_01,0.97
1990_01,0.8233207903207898
1990_02,1.0
1998_01,0.29
2002_01,0.909357142857143
2004_01,0.9012810429940725
2005_01,0.21
2005_02,0.5986612913845968
2008_01,0.27
2014_01,1.0
2016_01,0.9012810429940725
2016_02,0.26
2017_01,0.49440476190476185
2017_02,0.25
2018_01,0.5955566753078363
2020_01,0.62
2021_01,0.5550835861794663
2023_01,0.82
2023_02,0.5955566753078363
2023_03,0.7248778732974146
2025_01,0.12
2030_01,0.58
2031_01,0.14
2033_01,0.45
2035_01,0.07
2035_02,1.0
2036_01,0.6955468313935806
2036_02,0.27
2036_03,0.5986612913845968
2037_01,1.0
2037_02,0.1
2039_01,1.0
2039_02,0.9169914045960615
2039_03,0.9213320476822802
2047_01,0.8132761130338528
2048_01,0.67
2049_01,0.753265334838501
2050_01,0.26
2057_01,0.196
2057_02,0.6213939718467919
2057_03,0.12
2057_04,0.4626797646797648
2057_05,0.97
2058_01,0.05
2064_01,0.6088537763406183
2068_01,1.0
2068_02,0.99
2068_03,1.0
2068_04,0.05
2068_05,0.9
2069_01,0.05
2072_01,0.16
2072_02,0.13
2076_01,1.0
2077_01,0.02
2078_01,1.0
2079_01,0.82
2079_02,0.05
2079_03,0.17
2093_01,0.21
2098_01,0.4394602342102343
2101_01,0.7698888888888888
2101_02,0.6
2103_01,0.09
2108_01,0.49
2108_02,0.22
2109_01,0.8890708849973552
2113_01,0.8371181513570065
2119_01,0.36
2119_02,0.5749604042672155
2122_01,0.47
2132_01,0.5388333349656879
2146_01,0.92
2146_02,1.0
2151_01,0.601424603174603
2155_01,0.91
2157_01,0.07
2160_01,0.01
2160_02,0.991768759203286
2160_03,1.0
2165_01,0.52
2166_01,0.54
2169_01,0.31
2170_01,0.03
2174_01,0.15
2176_01,1.0
2178_01,0.34
2181_01,0.11
2184_01,0.9365294111128842
2184_02,0.9390000000000001
2185_01,1.0
2192_01,0.42
2197_01,0.39
2199_01,0.37
2208_01,0.2
2213_01,0.03
2214_01,0.26
2216_01,0.62
2217_01,0.1
2218_01,0.29714285714285715
2222_01,0.9169914045960615
2226_01,0.34
2227_01,0.6088537763406183
2230_01,0.0044444444444444444
2236_01,0.31
2240_01,0.49391064491064496
2240_02,0.15
2240_03,0.5986612913845968
2242_01,0.7169561549561548
2244_01,0.81
2245_01,0.1
2245_02,1.0
2246_01,0.73
2246_02,0.16
2247_01,0.04
2248_01,0.22
2249_01,0.7
2250_01,0.2
2259_01,0.35
2259_02,1.0
2260_01,1.0
2265_01,0.04
2271_01,0.08
2276_01,0.4626797646797648
2276_02,0.18
2283_01,0.1
2285_01,0.23
2286_01,0.25
2290_01,0.5997240560493186
2292_01,0.5388333349656879
2293_01,0.5591666666666667
2294_01,0.82
2297_01,0.17
2304_01,0.5944998183565503
2307_01,0.0044444444444444444
2307_02,0.07479193471460262
2307_03,0.41950617626379844
2307_04,0.5986612913845968
2307_05,0.34949807042802383
2322_01,0.15
2323_01,0.06
2324_01,0.24
2326_01,0.6681690579666955
2328_01,0.31
2330_01,0.04
2331_01,1.0
2334_01,0.03
2335_01,0.5324339271839272
2337_01,0.7861735241882299
2342_01,0.19
2343_01,1.0
2343_02,0.9590000000000001
2344_01,0.1
2344_02,1.0
2346_01,0.05
2350_01,0.42
2350_02,0.12
2350_03,0.9933306652497828
2351_01,0.18
2351_02,0.08
2352_01,0.25
2354_01,0.31
2355_01,1.0
2355_02,0.9365294111128842
2355_03,0.1
2355_04,1.0
2358_01,0.2
2359_01,0.58
2362_01,0.5
2370_01,0.6768386853113633
2370_02,0.5955566753078363
2370_03,0.32
2370_04,0.5986612913845968
2371_01,0.28
2372_01,0.25
2378_01,0.4
2378_02,1.0
2380_01,0.03
2380_02,1.0
2381_01,0.6351539351171701
2383_01,0.27
2383_02,0.02
2386_01,0.9255439312448666
2388_01,0.14
2388_02,0.7107993485008932
2393_01,0.12
2394_01,0.4099999999999999
2394_02,0.7989999999999999
2394_03,0.38
2400_01,0.42
2405_01,0.14
2407_01,0.75
2408_01,0.05
2415_01,0.97
2418_01,0.06
2420_01,0.15
2422_01,0.04
2422_02,1.0
2425_01,0.6755897618781875
2425_02,0.63
2425_03,0.47
2425_04,0.18472787833081952
2425_05,0.6755897618781875
2425_06,0.5955566753078363
2428_01,0.06
2430_01,0.6720394761327425
2430_02,0.43564259593063925
2430_03,0.14
2434_01,0.5231645021645022
2434_02,0.3
2437_01,0.13
2440_01,0.42
2447_01,0.22
2448_01,1.0
2448_02,1.0
2450_01,0.0
2459_01,0.9931135531135531
2464_01,0.07
2465_01,0.2
2468_01,1.0
2469_01,0.9133823683775725
2469_02,0.21
2473_01,0.01
2481_01,0.993611111111111
2481_02,0.17
2482_01,0.05
2482_02,0.03
2484_01,1.0
2484_02,0.31
2485_01,0.14
2487_01,1.0
2487_02,1.0
2487_03,0.18
2490_01,0.1
2493_01,0.02
2493_02,0.14
2494_01,1.0
2494_02,0.04
2495_01,0.23
2501_01,1.0
2504_01,0.3
2507_01,0.5550835861794663
2511_01,0.41
2514_01,0.65
2517_01,0.9285056259249792
2525_01,0.15
2529_01,0.37
2533_01,0.3
2536_01,0.8362196969696964
2538_01,1.0
2538_02,1.0
2539_01,0.44
2543_01,0.38
2554_01,0.84
2556_01,1.0
2563_01,0.8371181513570065
2566_01,0.02
2567_01,0.9255439312448666
2567_02,0.544904761904762
2568_01,0.7
2569_01,0.77
2570_01,0.7145589551141412
2575_01,0.82
2576_01,0.8906587162837163
2577_01,0.7381918343343385
2577_02,0.34819334831834825
2579_01,0.11
2583_01,0.5944998183565503
2585_01,1.0
2586_01,0.6929787989787987
2587_01,1.0
2587_02,0.8665099206349199
2600_01,0.97
2603_01,0.7493702468412221
2603_02,0.73
2604_01,0.5997240560493186
2608_01,0.6671829154181367
2610_01,0.37
2611_01,0.08
2612_01,0.35
2613_01,0.54
2614_01,0.07
2615_01,0.58
2620_01,0.9886730769230769
2621_01,0.01
2623_01,0.11
2630_01,0.26
2630_02,0.34819334831834825
2630_03,0.5882567651646599
2632_01,0.12
2637_01,0.27
2637_02,0.5091439393939394
2637_03,0.5986612913845968
2639_01,0.9133823683775725
2644_01,0.2
2653_01,0.68
2654_01,0.0
2656_01,1.0
2665_01,0.15
2667_01,1.0
2667_02,0.1
2667_03,0.0
2667_04,1.0
2667_05,0.9365294111128842
2669_01,0.04
2673_01,0.8
2674_01,0.24858623993675807
2674_02,0.58
2680_01,0.01
2681_01,0.05083333333333333
2686_01,0.32
2689_01,0.04
2694_01,1.0
2694_02,0.92
2696_01,0.8
2699_01,0.27
2705_01,0.6671829154181367
2710_01,1.0
2710_02,1.0
2711_01,0.73
2715_01,0.17
2715_02,0.15
2716_01,0.11
2716_02,1.0
2719_01,0.15
2719_02,1.0
2719_03,0.13
2728_01,0.43
2731_01,0.6681690579666955
2733_01,0.26
2735_01,0.15
2742_01,0.6903084554334558
2744_01,0.4632642235215764
2749_01,0.7223812431597783
2757_01,0.03
2761_01,0.45
2761_02,0.81
2766_01,0.7969797476345463
2767_01,0.05
2771_01,0.22
2775_01,0.12
2776_01,0.46
2777_01,1.0
2779_01,0.17
2782_01,0.03
2791_01,0.15
2794_01,0.19
2794_02,0.05
2794_03,0.99
2794_04,0.9933306652497828
2794_05,0.08
2794_06,1.0
2794_07,1.0
2800_01,1.0
2803_01,0.9199999718633619
2804_01,0.6681690579666955
2808_01,1.0
2808_02,0.98
2815_01,0.25
2815_02,0.7248778732974146
2815_03,0.5433333333333333
2816_01,1.0
2827_01,0.9788095238095238
2828_01,0.27
2829_01,0.7145589551141412
2830_01,0.47622517270311404
2833_01,0.6768452380952378
2836_01,1.0
2841_01,0.0
2842_01,0.3584834054834053
2844_01,0.03
2845_01,0.9365294111128842
2845_02,1.0
2848_01,0.9199999718633619
2848_02,1.0
2848_03,1.0
2849_01,0.25
2850_01,1.0
2850_02,0.9517780079525932
2850_03,0.11
2850_04,1.0
2851_01,0.21
2855_01,0.9788095238095238
2864_01,0.06
2868_01,0.34949807042802383
2868_02,0.7248778732974146
2868_03,0.6161590492840495
2868_04,0.73
2874_01,0.18
2879_01,0.02
2885_01,0.03
2886_01,0.02
2889_01,0.19
2895_01,1.0
2896_01,0.08
2898_01,1.0
2898_02,0.9199999718633619
2903_01,0.72
2904_01,0.18
2904_02,1.0
2911_01,0.3584834054834053
2914_01,0.8075493395493392
2915_01,1.0
2916_01,0.9517780079525932
2917_01,0.01
2918_01,0.0
2921_01,0.24
2922_01,0.75
2923_01,0.74
2924_01,0.14
2931_01,0.5231645021645022
2931_02,0.14
2932_01,1.0
2933_01,0.36
2937_01,0.33
2939_01,0.99
2946_01,0.13
2946_02,0.41
2946_03,0.44
2946_04,0.19
2947_01,0.8401376956376955
2951_01,0.24
2952_01,0.26
2955_01,0.18
2957_01,0.5749604042672155
2963_01,0.43
2967_01,0.76
2973_01,0.16
2974_01,0.17
2976_01,1.0
2976_02,1.0
2976_03,1.0
2976_04,0.07
2977_01,0.42
2977_02,0.26
2977_03,0.35
2978_01,0.04
2980_01,0.07
2981_01,0.7861735241882299
2985_01,0.71
2987_01,0.29
2989_01,0.29
2991_01,0.13
2997_01,0.9365294111128842
2997_02,0.05
2997_03,0.11
2997_04,1.0
2999_01,0.33
3002_01,0.42
3007_01,0.24
3008_01,1.0
3008_02,0.11
3008_03,1.0
3008_04,0.71
3008_05,1.0
3008_06,1.0
3011_01,0.34671003727804767
3016_01,0.7026607583736066
3016_02,0.6265626985875831
3016_03,0.6265626985875831
3016_04,0.12
3017_01,0.84
3028_01,0.6671829154181367
3031_01,1.0
3035_01,0.89
3037_01,1.0
3037_02,1.0
3041_01,0.22
3043_01,0.62
3046_01,0.59
3049_01,0.04
3051_01,0.04
3052_01,0.07
3056_01,0.7600805389724254
3057_01,0.27820670995670993
3058_01,0.02
3059_01,1.0
3069_01,0.3
3072_01,0.973
3074_01,0.72
3075_01,0.62
3077_01,1.0
3077_02,1.0
3078_01,0.01
3078_02,0.06
3078_03,0.8597407592407589
3078_04,0.0
3086_01,0.8
3089_01,0.99675
3094_01,0.7381918343343385
3097_01,1.0
3098_01,0.09
3101_01,0.31
3105_01,0.8274394494394492
3105_02,0.51
3105_03,0.8274394494394492
3106_01,0.67
3107_01,0.909063492063492
3108_01,0.46885317460317444
3109_01,0.91
3115_01,0.9622817460317461
3122_01,0.06
3122_02,0.26
3125_01,0.03
3125_02,0.15
3127_01,1.0
3129_01,0.82
3135_01,0.33
3137_01,0.6118247436112593
3139_01,0.27
3141_01,0.9133823683775725
3144_01,0.1
3146_01,0.24
3148_01,0.66
3148_02,0.23
3150_01,0.46297188350864815
3151_01,1.0
3153_01,0.3
3153_02,0.5445
3154_01,0.5560463425463427
3155_01,1.0
3155_02,0.95
3156_01,0.31
3157_01,0.1
3160_01,0.0
3165_01,0.14
3167_01,0.74
3170_01,0.576545498619028
3173_01,0.596529522764817
3177_01,0.3
3178_01,0.8665099206349199
3183_01,0.4
3186_01,1.0
3187_01,0.43
3190_01,0.08
3190_02,0.7400833333333331
3194_01,0.65
3198_01,0.04
3199_01,0.83
3202_01,0.74
3207_01,0.3
3208_01,0.25
3214_01,0.8949219216456058
3222_01,0.29
3226_01,0.6088537763406183
3228_01,0.2
3231_01,0.9154146825396825
3233_01,0.51
3234_01,0.31
3242_01,0.19
3244_01,1.0
3244_02,1.0
3244_03,1.0
3245_01,0.68
3245_02,0.02
3246_01,0.57
3249_01,0.15
3249_02,0.73
3250_01,0.47
3251_01,0.13
3257_01,0.9517780079525932
3261_01,0.24
3263_01,0.8266778755014047
3264_01,0.07
3265_01,0.01
3265_02,1.0
3265_03,1.0
3265_04,1.0
3266_01,0.35
3267_01,1.0
3277_01,0.0
3278_01,0.9255439312448666
3281_01,0.824520202020202
3285_01,0.25
3285_02,1.0
3286_01,0.06
3288_01,0.9012810429940725
3290_01,0.9549047619047619
3290_02,0.04
3291_01,0.8132761130338528
3302_01,0.17
3303_01,0.05
3306_01,0.02
3307_01,0.9325
3316_01,0.85
3320_01,0.0
3320_02,0.06
3321_01,0.8949219216456058
3333_01,0.72
3334_01,0.0944047619047619
3335_01,0.04
3340_01,0.12
3341_01,0.9377240537240535
3341_02,0.0
3344_01,0.8597407592407589
3344_02,1.0
3345_01,0.5170833333333333
3345_02,0.11
3345_03,0.7861735241882299
3346_01,0.15
3347_01,0.99
3347_02,0.06
3351_01,0.9154146825396825
3351_02,0.77
3354_01,0.2
3355_01,0.8590875665012656
3356_01,0.2
3358_01,0.24
3362_01,0.16
3362_02,0.05
3366_01,0.946148992800621
3367_01,0.68
3368_01,1.0
3368_02,0.9953695160338383
3368_03,0.14
3368_04,0.9169914045960615
3368_05,0.6589297091797092
3368_06,0.02
3368_07,0.02
3369_01,0.36
3373_01,0.5560463425463427
3374_01,0.2
3375_01,0.02
3376_01,0.68
3378_01,0.34
3379_01,0.5
3385_01,0.77
3388_01,0.99
3393_01,0.34949807042802383
3398_01,0.44
3399_01,0.07
3400_01,0.7493702468412221
3407_01,0.15
3407_02,0.4
3411_01,0.32
3411_02,0.51
3411_03,0.42
3411_04,0.04
3411_05,0.9133823683775725
3411_06,1.0
3411_07,0.24
3414_01,0.08
3416_01,0.08
3427_01,0.46885317460317444
3429_01,1.0
3435_01,0.28
3436_01,0.8096316863820731
3448_01,0.41335714285714287
3448_02,0.73
3451_01,0.09
3452_01,0.49
3457_01,0.9888684210526315
3460_01,0.1
3463_01,0.64
3466_01,0.14
3471_01,0.05
3472_01,0.92
3477_01,0.14
3477_02,0.74
3479_01,0.22
3481_01,0.1
3482_01,0.12
3482_02,0.5550835861794663
3493_01,0.57
3494_01,0.07
3494_02,0.79
3498_01,0.44
3500_01,0.3
3502_01,0.2
3503_01,0.36
3505_01,0.03
3507_01,0.54
3508_01,0.65
3508_02,1.0
3509_01,1.0
3509_02,0.13
3510_01,0.9975
3513_01,1.0
3513_02,1.0
3513_03,0.52
3513_04,1.0
3516_01,0.11
3517_01,0.52
3522_01,0.798701659451659
3524_01,0.13
3526_01,0.08
3529_01,1.0
3532_01,0.9517780079525932
3538_01,0.0
3541_01,0.27
3544_01,0.1
3544_02,0.43
3545_01,0.27
3549_01,0.02
3549_02,1.0
3551_01,0.17
3554_01,0.2
3557_01,0.22
3571_01,0.6351539351171701
3574_01,0.25
3575_01,0.18
3580_01,0.96
3580_02,0.8274394494394492
3581_01,0.12
3583_01,0.23
3585_01,0.9406595156238444
3587_01,0.8533929958929956
3587_02,0.46
3587_03,0.5986612913845968
3589_01,0.05
3589_02,0.7248778732974146
3589_03,0.8517500000000001
3589_04,0.12611111111111112
3589_05,0.27
3589_06,0.6265626985875831
3589_07,0.6755897618781875
3590_01,0.29
3593_01,0.68
3599_01,0.7
3601_01,0.28
3601_02,0.5170833333333333
3601_03,0.8136626984126981
3601_04,0.7573293650793651
3601_05,0.6769385478094588
3601_06,0.05
3601_07,0.46199999999999997
3603_01,0.6522380952380951
3603_02,1.0
3604_01,0.5896861471861471
3611_01,0.39
3617_01,0.26
3617_02,0.6760375086075886
3617_03,0.09
3618_01,1.0
3618_02,0.13
3618_03,1.0
3618_04,0.14
3621_01,0.08
3621_02,0.0
3623_01,0.82
3627_01,1.0
3632_01,0.22
3633_01,0.9316666666666668
3635_01,1.0
3635_02,0.1
3637_01,0.09
3638_01,0.09
3643_01,0.5944998183565503
3646_01,0.03
3646_02,0.55
3649_01,0.08
3651_01,1.0
3656_01,0.84
3656_02,0.07
3657_01,1.0
3657_02,1.0
3657_03,0.66
3659_01,0.62
3659_02,0.7248778732974146
3659_03,0.9267484737484736
3659_04,0.6161590492840495
3659_05,0.11
3659_06,0.53
3659_07,0.5091439393939394
3661_01,0.02
3663_01,0.9169914045960615
3666_01,1.0
3669_01,0.31
3670_01,0.7793333333333332
3672_01,0.22
3672_02,0.4
3673_01,0.43564259593063925
3675_01,0.5091666666666668
3675_02,0.757468253968254
3675_03,0.7145589551141412
3676_01,1.0
3683_01,1.0
3683_02,1.0
3684_01,0.27269444444444435
3684_02,0.24858623993675807
3685_01,0.69
3687_01,0.9
3689_01,0.18
3694_01,0.9666666666666667
3695_01,0.14
3696_01,0.8592411416842529
3697_01,0.29
3698_01,0.05
3701_01,1.0
3701_02,0.73
3701_03,1.0
3709_01,1.0
3712_01,0.7957342650857574
3712_02,0.5131666666666667
3712_03,0.6755897618781875
3712_04,0.67
3712_05,0.27190476190476187
3717_01,0.07
3717_02,0.5980904713318868
3718_01,1.0
3720_01,0.8906587162837163
3720_02,1.0
3720_03,0.9169914045960615
3721_01,0.07
3722_01,0.46
3723_01,0.37
3725_01,0.6118247436112593
3727_01,0.21
3730_01,0.9549047619047619
3731_01,0.7414496336996338
3738_01,0.88
3740_01,0.07
3746_01,0.15
3746_02,0.5986612913845968
3746_03,0.5749604042672155
3746_04,0.6755897618781875
3762_01,0.55
3763_01,0.0
3764_01,0.7223812431597783
3764_02,0.33970951270951266
3766_01,1.0
3766_02,1.0
3780_01,0.9923207070707071
3782_01,0.23
3782_02,0.0
3791_01,0.04
3792_01,0.5157875180375181
3794_01,0.6768452380952378
3799_01,0.52
3800_01,0.44
3802_01,0.09
3806_01,0.9406595156238444
3808_01,0.57
3809_01,0.1
3809_02,0.5033214285714287
3813_01,0.7145589551141412
3819_01,0.31
3825_01,0.13
3827_01,0.27
3828_01,1.0
3828_02,0.12
3828_03,0.8376666666666667
3829_01,0.35
3829_02,0.53
3833_01,0.9863564213564211
3834_01,0.6118247436112593
3837_01,0.26
3840_01,0.03
3843_01,0.41333333333333333
3844_01,0.39
3844_02,1.0
3845_01,0.39
3855_01,1.0
3858_01,1.0
3858_02,1.0
3858_03,0.1
3858_04,0.32
3859_01,0.9133823683775725
3860_01,0.98
3861_01,0.05
3863_01,0.43
3865_01,0.99
3869_01,1.0
3876_01,1.0
3876_02,0.38
3876_03,1.0
3877_01,0.17
3878_01,0.06
3880_01,0.76
3881_01,0.27
3882_01,0.9891666666666667
3884_01,0.04
3885_01,0.09
3887_01,1.0
3889_01,0.23
3889_02,0.26
3891_01,0.66
3892_01,0.34671003727804767
3892_02,0.01
3893_01,0.14
3893_02,1.0
3893_03,0.16
3900_01,0.29
3901_01,0.72
3902_01,0.9169914045960615
3905_01,0.8578879731379732
3906_01,0.0
3906_02,0.14
3908_01,0.55
3908_02,0.5986612913845968
3910_01,0.6768452380952378
3914_01,0.24
3918_01,0.06
3920_01,0.18
3925_01,0.0
3925_02,0.12
3929_01,0.9
3934_01,0.544904761904762
3934_02,0.45
3943_01,0.55
3943_02,0.6477731288923405
3943_03,0.23
3947_01,0.31
3951_01,0.14
3953_01,0.5835388867668279
3956_01,0.75
3957_01,0.3584834054834053
3965_01,0.04
3969_01,0.01
3972_01,1.0
3975_01,0.31
3978_01,0.81
3979_01,0.01
3982_01,0.11
3983_01,0.12
3989_01,0.8016118137855922
3989_02,0.7957342650857574
3989_03,0.6161590492840495
3989_04,0.17
3990_01,0.8533929958929956
3993_01,0.14
4004_01,0.34
4007_01,0.03
4011_01,0.93
4012_01,0.83
4012_02,1.0
4015_01,0.8233207903207898
4015_02,0.28
4024_01,0.82
4025_01,0.98
4028_01,0.56
4029_01,0.9285056259249792
4041_01,0.3584834054834053
4048_01,1.0
4048_02,0.9169914045960615
4048_03,1.0
4051_01,0.7381918343343385
4052_01,0.85
4054_01,1.0
4054_02,1.0
4054_03,0.18
4056_01,0.29
4057_01,0.26
4059_01,0.96
4059_02,0.04
4062_01,0.09
4067_01,0.47
4070_01,1.0
4070_02,1.0
4070_03,0.49
4073_01,0.03
4073_02,0.6589297091797092
4074_01,0.15
4077_01,0.04
4085_01,0.79
4086_01,0.125
4086_02,0.601424603174603
4086_03,0.74
4087_01,0.48
4088_01,0.62
4092_01,0.798701659451659
4094_01,0.02
4094_02,0.11
4100_01,1.0
4105_01,0.34
4111_01,0.6196666666666666
4117_01,0.27
4118_01,0.39
4119_01,0.5
4121_01,0.19
4122_01,0.51
4123_01,0.3
4124_01,0.753265334838501
4126_01,0.01
4133_01,0.7400833333333331
4133_02,0.6508174603174601
4136_01,0.9365294111128842
4136_02,0.14
4138_01,0.09
4139_01,0.07
4146_01,0.24858623993675807
4148_01,0.46885317460317444
4153_01,0.2
4155_01,1.0
4157_01,0.17
4161_01,0.52
4162_01,0.576545498619028
4164_01,0.946148992800621
4180_01,1.0
4180_02,0.2
4187_01,0.11
4190_01,1.0
4192_01,0.38
4193_01,0.6955468313935806
4195_01,0.26
4198_01,1.0
4200_01,0.22
4201_01,0.48
4202_01,0.7056976634476633
4202_02,0.07
4209_01,0.09
4217_01,0.58
4224_01,0.0
4224_02,0.5
4226_01,1.0
4226_02,0.12
4227_01,0.5560463425463427
4228_01,0.16
4234_01,0.03
4234_02,0.07
4235_01,0.08
4235_02,0.5749604042672155
4236_01,0.375
4236_02,1.0
4241_01,0.58
4247_01,0.6769385478094588
4247_02,0.29
4248_01,0.04
4248_02,0.3
4250_01,0.34671003727804767
4263_01,0.46
4263_02,0.7969797476345463
4263_03,0.85143093018093
4265_01,1.0
4268_01,0.6769385478094588
4268_02,0.8425719280719277
4269_01,0.6
4275_01,0.11
4276_01,0.02
4277_01,0.38
4279_01,0.45
4281_01,0.19
4282_01,1.0
4283_01,0.52
4284_01,1.0
4284_02,0.11
4285_01,0.5
4286_01,1.0
4286_02,0.35
4286_03,0.4833333333333333
4287_01,0.67
4288_01,0.7169561549561548
4288_02,0.1
4290_01,0.04
4298_01,0.1
4298_02,1.0
4298_03,0.9517780079525932
4299_01,0.15
4304_01,0.13
4307_01,0.8942695694828044
4308_01,0.8132761130338528
4310_01,0.04
4313_01,0.44
4314_01,0.49400000000000005
4321_01,0.8266778755014047
4322_01,0.7207518037518038
4323_01,1.0
4323_02,0.12
4323_03,0.38
4323_04,1.0
4325_01,0.49
4326_01,0.03
4328_01,0.7600805389724254
4331_01,0.5944998183565503
4341_01,0.84
4341_02,0.41950617626379844
4342_01,0.57
4353_01,0.16
4355_01,0.6671829154181367
4363_01,0.76
4374_01,0.12
4375_01,1.0
4377_01,0.3584834054834053
4377_02,0.27
4377_03,0.6755897618781875
4378_01,0.09
4378_02,0.08
4379_01,0.7381918343343385
4380_01,0.03
4381_01,0.63
4381_02,0.23
4384_01,0.29
4385_01,0.43
4385_02,0.34671003727804767
4385_03,0.9122941509385002
4389_01,0.16
4394_01,0.06
4398_01,0.08
4406_01,0.08
4412_01,0.01
4414_01,0.8793333333333334
4417_01,1.0
4418_01,0.08
4419_01,0.01
4419_02,0.13
4420_01,0.15
4420_02,0.54
4421_01,0.43
4423_01,0.09
4425_01,1.0
4425_02,0.32
4434_01,0.03
4435_01,0.74
4435_02,0.43
4439_01,1.0
4439_02,0.49
4442_01,0.94
4443_01,0.55
4443_02,0.33
4454_01,1.0
4455_01,0.45
4455_02,0.16
4455_03,0.027428571428571427
4458_01,0.7600805389724254
4460_01,1.0
4468_01,0.7599978354978351
4471_01,0.09
4478_01,0.32
4480_01,0.43078571428571427
4481_01,0.07
4484_01,0.22
4488_01,0.09
4489_01,0.08
4495_01,0.21
4499_01,0.5944998183565503
4503_01,0.24
4504_01,0.99
4507_01,0.07
4513_01,0.57
4519_01,0.7369744890768147
4520_01,0.08
4523_01,0.6755897618781875
4523_02,0.5231645021645022
4523_03,0.12
4523_04,1.0
4523_05,0.6755897618781875
4523_06,0.28408441558441544
4525_01,0.12
4526_01,0.76
4527_01,0.14
4528_01,0.62
4536_01,0.0
4540_01,0.7223812431597783
4541_01,0.06
4545_01,0.19
4548_01,1.0
4551_01,0.99
4551_02,0.81
4551_03,1.0
4551_04,1.0
4554_01,0.01
4556_01,0.55
4566_01,0.07
4578_01,0.1
4579_01,0.5550835861794663
4582_01,0.75
4582_02,0.46297188350864815
4582_03,0.46297188350864815
4582_04,0.7957342650857574
4582_05,0.7600805389724254
4582_06,0.51
4582_07,0.43564259593063925
4583_01,1.0
4583_02,1.0
4583_03,0.64
4584_01,0.15
4588_01,0.21
4589_01,0.33
4590_01,0.35
4598_01,0.02
4599_01,0.7427424239417271
4600_01,0.8578879731379732
4600_02,0.7599978354978351
4601_01,0.07
4614_01,0.30333333333333334
4614_02,0.38
4616_01,0.21
4618_01,0.32
4619_01,1.0
4626_01,1.0
4626_02,0.04
4627_01,0.14
4629_01,0.09
4636_01,0.5091439393939394
4639_01,1.0
4639_02,1.0
4639_03,0.0
4639_04,0.16
4639_05,0.596529522764817
4639_06,0.17266666666666666
4647_01,0.5231645021645022
4660_01,0.59
4666_01,0.25
4669_01,1.0
4670_01,0.48
4671_01,1.0
4671_02,0.49333333333333335
4671_03,0.28
4671_04,1.0
4674_01,0.09
4675_01,0.58
4675_02,0.24
4681_01,0.01
4682_01,0.7766666666666667
4683_01,0.8737701661084009
4683_02,0.57
4685_01,1.0
4687_01,0.12
4688_01,0.06
4692_01,0.34
4697_01,0.9133823683775725
4698_01,1.0
4700_01,0.9365294111128842
4701_01,1.0
4701_02,1.0
4701_03,1.0
4701_04,1.0
4702_01,0.8578879731379732
4702_02,0.15
4703_01,0.8597407592407589
4703_02,1.0
4705_01,0.39916666666666667
4705_02,0.03
4707_01,0.05
4707_02,0.7
4715_01,0.4686666666666667
4716_01,0.3
4718_01,1.0
4722_01,0.07
4724_01,1.0
4727_01,0.16
4727_02,0.07479193471460262
4729_01,0.15
4731_01,0.6671829154181367
4734_01,0.03
4735_01,0.33
4736_01,0.8949219216456058
4737_01,0.08
4740_01,0.7600805389724254
4742_01,0.0
4745_01,0.7600805389724254
4747_01,1.0
4747_02,0.26
4749_01,0.07
4751_01,0.24
4760_01,0.38
4761_01,0.9888684210526315
4761_02,0.8132761130338528
4761_03,0.32
4765_01,0.6265626985875831
4766_01,0.9012810429940725
4767_01,0.76
4768_01,0.54
4768_02,1.0
4771_01,0.78
4776_01,1.0
4776_02,0.5334931457431457
4776_03,0.9169914045960615
4776_04,1.0
4779_01,0.03
4781_01,0.18
4789_01,1.0
4799_01,0.1
4799_02,0.23
4799_03,0.22
4800_01,0.29
4802_01,0.6755897618781875
4802_02,0.39
4805_01,0.9931135531135531
4806_01,0.8
4809_01,0.01
4811_01,0.8451249999999999
4812_01,1.0
4816_01,0.2
4820_01,1.0
4820_02,0.22
4821_01,0.31
4824_01,0.99
4825_01,1.0
4826_01,0.97
4833_01,0.04
4833_02,0.06
4834_01,0.7145589551141412
4835_01,0.17
4839_01,0.33
4843_01,0.11
4843_02,0.26
4844_01,0.19
4849_01,0.8665099206349199
4852_01,0.753265334838501
4854_01,0.6088537763406183
4855_01,0.8590875665012656
4855_02,0.5944998183565503
4858_01,0.19
4859_01,0.7381918343343385
4860_01,0.21
4861_01,0.25
4865_01,0.1
4867_01,0.17
4869_01,0.15
4872_01,0.17
4877_01,0.1383333333333333
4894_01,0.7600805389724254
4905_01,0.7957342650857574
4906_01,0.49
4907_01,0.8132761130338528
4908_01,0.37
4914_01,0.44
4919_01,0.54
4921_01,0.06
4922_01,0.47
4926_01,0.01
4928_01,0.47
4931_01,0.84
4935_01,0.18
4935_02,0.8134956709956706
4935_03,0.33
4936_01,0.17
4947_01,0.07
4948_01,0.08
4949_01,1.0
4949_02,0.01
4953_01,1.0
4955_01,0.0
4957_01,1.0
4959_01,0.9517780079525932
4960_01,0.03
4962_01,0.25
4966_01,0.99
4966_02,0.8597407592407589
4967_01,0.44333333333333336
4968_01,0.6755897618781875
4969_01,0.24
4969_02,0.46
4971_01,0.6118247436112593
4976_01,0.48
4982_01,0.6681690579666955
4984_01,0.22
4984_02,0.48
4985_01,0.9133823683775725
4986_01,0.14
4988_01,1.0
4993_01,0.79
4994_01,0.0
5001_01,0.07479193471460262
5002_01,0.8802738095238095
5011_01,0.829247641247641
5022_01,0.27
5024_01,0.5986612913845968
5024_02,0.5986612913845968
5024_03,0.41950617626379844
5024_04,0.31
5024_05,0.6300238095238095
5026_01,0.4
5029_01,0.9365294111128842
5029_02,1.0
5030_01,0.28
5031_01,0.02
5031_02,0.7
5033_01,0.31
5033_02,0.0
5037_01,0.34
5038_01,0.24
5038_02,1.0
5041_01,0.26
5043_01,0.8233207903207898
5043_02,0.7335
5043_03,0.41335714285714287
5045_01,0.8906587162837163
5046_01,0.6671829154181367
5047_01,0.6903084554334558
5049_01,0.07
5053_01,0.28
5054_01,0.14
5055_01,0.7493702468412221
5056_01,0.77
5056_02,0.81
5066_01,0.87
5071_01,0.6
5075_01,0.92
5077_01,0.15
5078_01,0.47
5079_01,1.0
5081_01,0.59
5082_01,0.34
5086_01,0.6508174603174601
5086_02,0.29
5092_01,0.2794384198873332
5094_01,0.5388333349656879
5094_02,0.35
5096_01,0.0
5096_02,0.18
5098_01,0.06
5098_02,0.8517500000000001
5098_03,0.49391064491064496
5099_01,0.17
5100_01,1.0
5101_01,0.85
5102_01,0.19
5107_01,0.01
5110_01,0.995
5113_01,0.0
5114_01,0.99675
5117_01,0.31
5118_01,0.84
5119_01,0.6616666666666667
5121_01,0.02
5123_01,0.35
5131_01,0.65
5131_02,1.0
5134_01,0.2
5135_01,0.03
5139_01,0.39
5141_01,1.0
5143_01,0.42
5147_01,0.48
5149_01,0.11
5149_02,1.0
5150_01,0.8425719280719277
5153_01,0.6477731288923405
5155_01,0.08
5159_01,0.92
5159_02,0.1
5164_01,1.0
5164_02,1.0
5168_01,0.04
5169_01,0.17
5172_01,0.22
5178_01,0.57
5183_01,0.9025
5189_01,0.98
5191_01,0.02
5195_01,0.08
5200_01,0.09
5203_01,0.91
5203_02,1.0
5212_01,0.32
5215_01,0.0
5219_01,0.8906587162837163
5219_02,0.94
5222_01,0.5157875180375181
5228_01,0.22
5228_02,0.4856111111111112
5231_01,0.03
5232_01,0.03
5232_02,0.01
5233_01,0.4
5237_01,1.0
5241_01,0.439
5241_02,0.9406595156238444
5245_01,0.51
5259_01,0.23
5261_01,0.17
5263_01,0.27
5267_01,0.6161590492840495
5267_02,0.7145589551141412
5267_03,0.85
5270_01,0.6331560106560103
5283_01,0.34
5284_01,1.0
5285_01,1.0
5286_01,0.02
5289_01,0.5592857142857143
5293_01,0.0
5293_02,0.12
5294_01,0.34
5295_01,0.17
5296_01,0.23
5302_01,0.9963636363636365
5306_01,0.1
5306_02,0.99
5308_01,0.9267484737484736
5308_02,0.7427424239417271
5308_03,0.12
5309_01,1.0
5311_01,0.5835388867668279
5317_01,0.14
5317_02,0.9931135531135531
5318_01,0.5560463425463427
5318_02,1.0
5319_01,0.2
5321_01,0.41
5324_01,0.81
5328_01,1.0
5329_01,0.09
5329_02,0.7019675324675323
5329_03,0.7721033688533687
5329_04,0.24858623993675807
5329_05,0.25
5329_06,0.46297188350864815
5329_07,0.6161590492840495
5332_01,0.75
5335_01,1.0
5335_02,1.0
5335_03,0.36
5335_04,0.91
5336_01,0.54
5338_01,0.41
5339_01,0.41
5339_02,1.0
5339_03,1.0
5342_01,0.07
5349_01,0.8590875665012656
5352_01,0.6769385478094588
5357_01,1.0
5357_02,1.0
5357_03,0.12
5357_04,0.04
5358_01,0.55
5364_01,1.0
5369_01,0.44
5369_02,0.05
5369_03,0.9720000000000002
5370_01,0.7
5371_01,1.0
5371_02,0.23
5371_03,0.8754958648331069
5371_04,1.0
5373_01,0.07
5376_01,1.0
5376_02,1.0
5377_01,1.0
5381_01,0.02
5382_01,1.0
5382_02,1.0
5386_01,0.7145589551141412
5391_01,0.08
5393_01,0.04
5398_01,0.9012810429940725
5399_01,0.11
5400_01,0.6720394761327425
5403_01,0.03
5405_01,0.0
5407_01,0.8566666666666667
5409_01,0.08
5417_01,0.12
5419_01,0.05
5426_01,0.66
5428_01,0.08
5428_02,0.7600805389724254
5429_01,0.11
5432_01,0.99
5433_01,0.88
5439_01,0.18
5442_01,0.22
5444_01,0.23
5448_01,0.02
5449_01,0.32
5456_01,0.2
5460_01,0.31
5461_01,0.07
5464_01,0.2
5473_01,0.6161590492840495
5473_02,0.42
5481_01,1.0
5482_01,0.11
5482_02,0.02
5486_01,0.94
5493_01,0.7386666666666665
5495_01,0.8425719280719277
5498_01,0.3584834054834053
5498_02,0.576545498619028
5502_01,0.97
5503_01,0.03
5505_01,0.1
5505_02,0.79
5505_03,0.9122941509385002
5513_01,0.6118247436112593
5513_02,0.6755897618781875
5513_03,0.06
5513_04,0.9122941509385002
5516_01,0.11
5518_01,0.31
5519_01,0.24
5525_01,0.34
5532_01,0.68
5533_01,0.24
5534_01,0.4
5542_01,0.05
5547_01,0.7145589551141412
5548_01,0.59
5549_01,1.0
5553_01,0.99675
5553_02,0.45
5554_01,0.5944998183565503
5558_01,0.11
5562_01,1.0
5562_02,1.0
5564_01,0.24
5565_01,0.29
5567_01,0.23
5570_01,0.837114968364968
5576_01,0.11
5577_01,0.3323809523809524
5577_02,0.7026607583736066
5577_03,0.6755897618781875
5577_04,0.6755897618781875
5577_05,0.5955566753078363
5579_01,0.8274394494394492
5584_01,0.8592411416842529
5584_02,0.16
5588_01,0.14
5588_02,0.8362196969696964
5588_03,1.0
5588_04,0.43
5588_05,0.8233207903207898
5590_01,0.9255439312448666
5593_01,0.19
5597_01,0.66
5600_01,0.6118247436112593
5604_01,0.17
5605_01,0.02
5607_01,0.8949219216456058
5612_01,0.7223812431597783
5617_01,0.05
5620_01,0.36
5620_02,0.01
5621_01,0.08
5624_01,0.5560463425463427
5630_01,0.815
5632_01,1.0
5633_01,0.13
5634_01,0.77
5635_01,0.11
5636_01,0.09
5638_01,0.6477731288923405
5641_01,0.7145589551141412
5649_01,0.991768759203286
5654_01,0.39
5656_01,0.49
5657_01,0.11
5658_01,0.04
5660_01,0.29
5664_01,0.7721033688533687
5664_02,0.5986612913845968
5664_03,0.5585985661397427
5664_04,0.33
5665_01,0.03
5666_01,0.12
5668_01,1.0
5669_01,0.6477731288923405
5670_01,0.798701659451659
5672_01,0.6769385478094588
5675_01,0.45
5676_01,0.5033214285714287
5678_01,1.0
5678_02,1.0
5682_01,0.98
5683_01,0.13
5690_01,0.24
5691_01,0.8561779054279051
5694_01,1.0
5697_01,0.64
5699_01,0.32
5703_01,0.31
5708_01,0.7427424239417271
5715_01,0.65
5715_02,0.92
5720_01,0.58
5720_02,0.14
5731_01,0.07
5731_02,0.55
5734_01,0.8665099206349199
5734_02,0.34
5741_01,0.0
5743_01,0.03
5745_01,0.7969797476345463
5749_01,0.54
5752_01,0.07
5753_01,0.13
5754_01,0.09
5759_01,0.6195722055722055
5760_01,0.14
5762_01,0.17
5766_01,0.9133823683775725
5770_01,0.98
5774_01,0.41
5775_01,0.9213320476822802
5782_01,0.24
5782_02,0.07
5782_03,0.45
5782_04,0.5157875180375181
5784_01,0.76
5787_01,0.39
5787_02,0.7107993485008932
5787_03,0.63
5789_01,0.9122941509385002
5789_02,0.3062857142857142
5797_01,1.0
5798_01,0.58
5801_01,0.37
5803_01,0.6671829154181367
5805_01,0.22
5807_01,0.11
5815_01,0.03
5815_02,0.02
5815_03,0.15
5815_04,0.0
5830_01,0.39
5832_01,0.29
5833_01,0.58
5838_01,0.75
5841_01,1.0
5841_02,1.0
5841_03,0.7145589551141412
5845_01,0.6247380952380951
5850_01,1.0
5851_01,0.08
5851_02,1.0
5853_01,0.47
5862_01,0.38
5864_01,0.42
5865_01,0.54
5866_01,0.3
5870_01,0.6477731288923405
5872_01,0.75
5873_01,0.13
5873_02,0.5560463425463427
5873_03,0.24
5881_01,1.0
5883_01,1.0
5884_01,0.24
5892_01,0.1
5893_01,0.23
5893_02,0.49195346320346317
5895_01,0.01
5896_01,0.53
5899_01,0.02
5904_01,0.9285056259249792
5904_02,0.07
5910_01,0.13
5911_01,0.9122941509385002
5911_02,0.11
5911_03,0.07
5911_04,0.5499524089744677
5911_05,0.6161590492840495
5911_06,0.3323809523809524
5914_01,0.7381918343343385
5917_01,0.5388333349656879
5918_01,0.4626797646797648
5926_01,0.34671003727804767
5929_01,0.5933333333333333
5932_01,0.55
5935_01,0.41
5936_01,0.8597407592407589
5936_02,1.0
5936_03,0.02
5936_04,0.87
5936_05,0.17
5937_01,0.85143093018093
5940_01,0.3
5942_01,1.0
5942_02,0.9365294111128842
5943_01,0.08
5948_01,0.2
5958_01,0.35
5961_01,1.0
5961_02,1.0
5962_01,0.48
5964_01,1.0
5964_02,1.0
5966_01,0.9122941509385002
5966_02,0.829247641247641
5978_01,0.27
5978_02,0.07479193471460262
5979_01,0.9936324143692565
5982_01,0.03
5996_01,0.6589297091797092
5997_01,0.57
5997_02,0.8561779054279051
6002_01,1.0
6005_01,0.5986612913845968
6005_02,0.49195346320346317
6005_03,0.5882567651646599
6005_04,0.12
6005_05,0.33970951270951266
6009_01,0.05
6009_02,0.12
6012_01,0.38
6013_01,0.7427424239417271
6018_01,0.21
6021_01,0.6671829154181367
6023_01,0.17
6037_01,0.6247380952380951
6044_01,0.15
6044_02,0.5499524089744677
6046_01,0.41
6050_01,0.8665099206349199
6051_01,0.14
6051_02,0.04
6053_01,0.23
6056_01,0.05
6057_01,0.59
6060_01,0.25
6063_01,0.9154146825396825
6072_01,0.18
6074_01,0.67
6074_02,1.0
6074_03,1.0
6078_01,0.61
6079_01,0.7145589551141412
6081_01,0.6755897618781875
6081_02,0.22
6081_03,0.9012810429940725
6081_04,1.0
6083_01,0.28
6084_01,0.23633333333333334
6088_01,0.75
6089_01,0.7427424239417271
6093_01,0.7248778732974146
6097_01,0.24
6100_01,0.38
6104_01,0.8942695694828044
6113_01,0.06
6114_01,0.03
6119_01,0.8942695694828044
6119_02,0.63
6119_03,0.544904761904762
6125_01,0.19
6129_01,0.08
6131_01,0.14
6134_01,0.68
6140_01,0.03
6142_01,0.5
6142_02,0.9199999718633619
6144_01,0.7381918343343385
6147_01,0.039285714285714285
6151_01,0.04
6151_02,1.0
6154_01,0.8793333333333334
6159_01,0.17
6160_01,0.45
6160_02,0.5944998183565503
6161_01,0.9353333333333333
6164_01,0.98
6165_01,0.82
6177_01,0.07
6183_01,0.1
6185_01,0.14
6187_01,0.8362196969696964
6188_01,0.34671003727804767
6190_01,0.75
6193_01,0.9169914045960615
6193_02,1.0
6193_03,0.07
6193_04,0.64
6195_01,0.04
6196_01,1.0
6197_01,0.5997240560493186
6198_01,0.29
6202_01,0.5313892235215765
6203_01,0.03
6204_01,0.97
6209_01,0.0
6209_02,1.0
6210_01,1.0
6212_01,0.596529522764817
6214_01,0.68
6217_01,1.0
6217_02,0.22
6221_01,0.8737701661084009
6226_01,0.03
6231_01,0.6755897618781875
6231_02,0.5550835861794663
6231_03,0.29
6233_01,0.52
6233_02,0.25
6233_03,0.6768452380952378
6235_01,1.0
6240_01,0.27269444444444435
6242_01,1.0
6244_01,0.17
6244_02,1.0
6247_01,0.08
6255_01,1.0
6257_01,0.5944998183565503
6257_02,0.13
6257_03,0.6755897618781875
6258_01,0.44
6259_01,0.38
6260_01,0.57
6260_02,0.11
6261_01,0.7867069597069595
6261_02,1.0
6267_01,0.01
6267_02,0.39
6267_03,1.0
6267_04,1.0
6267_05,1.0
6267_06,1.0
6269_01,0.32
6269_02,0.14
6269_03,1.0
6272_01,0.26
6272_02,0.5750800865800866
6275_01,0.58
6278_01,0.9863564213564211
6278_02,1.0
6284_01,0.8949219216456058
6286_01,0.26
6286_02,0.07479193471460262
6287_01,0.01
6287_02,0.06
6288_01,1.0
6288_02,0.38
6288_03,1.0
6288_04,0.86
6291_01,0.17
6294_01,0.6671829154181367
6295_01,1.0
6295_02,0.46
6298_01,0.9285056259249792
6303_01,0.2
6306_01,0.8890708849973552
6307_01,0.4746666666666667
6310_01,0.14
6311_01,0.46
6312_01,0.85
6312_02,0.12
6314_01,0.13
6329_01,0.07
6332_01,0.5749604042672155
6332_02,0.58
6332_03,0.5550835861794663
6332_04,0.22
6332_05,0.5
6332_06,0.5388333349656879
6332_07,0.24
6332_08,0.35
6333_01,0.01
6336_01,0.22
6337_01,0.6385238095238094
6342_01,0.49
6342_02,0.02
6345_01,0.8949219216456058
6345_02,0.8949219216456058
6350_01,0.8968333333333333
6352_01,1.0
6352_02,1.0
6358_01,0.68
6358_02,1.0
6359_01,0.39
6362_01,0.48
6364_01,0.6589297091797092
6375_01,0.47
6377_01,0.7056976634476633
6379_01,0.29
6382_01,0.59
6383_01,0.6755897618781875
6383_02,0.8066744227994227
6383_03,0.5
6384_01,0.34
6386_01,0.38
6387_01,0.38
6389_01,0.19
6391_01,0.6088537763406183
6391_02,0.9925
6392_01,0.9169914045960615
6393_01,1.0
6395_01,0.57
6401_01,0.98
6401_02,0.11
6403_01,0.13
6410_01,0.27
6410_02,0.12
6417_01,0.8949219216456058
6420_01,0.41
6423_01,0.03
6425_01,0.02
6425_02,0.8665099206349199
6426_01,0.07
6427_01,1.0
6429_01,0.38
6435_01,0.06
6438_01,0.05
6440_01,0.753265334838501
6441_01,0.39
6445_01,0.19
6460_01,0.65
6465_01,0.8398333333333332
6466_01,0.08
6467_01,0.55
6469_01,1.0
6474_01,0.17
6476_01,0.19
6479_01,1.0
6479_02,0.81
6483_01,0.8906587162837163
6484_01,0.29
6486_01,1.0
6491_01,0.41
6491_02,0.16
6491_03,0.6755897618781875
6495_01,0.21
6496_01,0.7493702468412221
6496_02,0.62
6497_01,0.76
6498_01,0.6213939718467919
6499_01,0.07479193471460262
6499_02,0.14
6499_03,0.5585985661397427
6499_04,0.9267484737484736
6499_05,0.11
6499_06,0.7861735241882299
6499_07,0.5560463425463427
6499_08,0.196
6504_01,1.0
6504_02,0.6
6505_01,0.04
6506_01,0.24
6506_02,0.25
6507_01,0.9788095238095238
6515_01,0.84
6516_01,1.0
6516_02,1.0
6518_01,1.0
6519_01,0.24
6521_01,0.35
6524_01,0.2
6527_01,0.8578879731379732
6528_01,0.8451249999999999
6532_01,0.2
6533_01,0.5980904713318868
6533_02,0.14
6534_01,0.12
6536_01,0.25
6537_01,0.25
6538_01,0.2
6542_01,0.39
6543_01,0.98
6550_01,0.02
6551_01,0.73
6554_01,0.8561779054279051
6555_01,0.66
6559_01,0.5986612913845968
6559_02,0.24858623993675807
6559_03,0.36
6564_01,0.44
6564_02,0.946148992800621
6566_01,0.08
6571_01,0.15
6575_01,1.0
6576_01,1.0
6577_01,0.34
6577_02,0.09
6577_03,0.6671829154181367
6579_01,0.8590875665012656
6581_01,0.6666666666666665
6584_01,0.98
6586_01,0.04
6587_01,0.9886730769230769
6589_01,1.0
6596_01,0.59
6596_02,0.0
6597_01,0.08
6600_01,1.0
6600_02,0.04
6605_01,0.9154146825396825
6605_02,0.22184523809523804
6607_01,0.37
6610_01,0.34671003727804767
6612_01,0.5986612913845968
6612_02,0.02
6612_03,0.12
6612_04,0.28408441558441544
6612_05,0.5585985661397427
6612_06,0.196
6615_01,0.9012810429940725
6617_01,1.0
6617_02,1.0
6617_03,1.0
6619_01,0.06
6627_01,0.99
6629_01,0.99
6632_01,0.27
6636_01,0.6769385478094588
6640_01,1.0
6644_01,0.07
6648_01,0.2922845765345765
6651_01,0.5
6653_01,0.86
6657_01,0.576545498619028
6658_01,1.0
6658_02,0.5136666666666667
6658_03,0.03
6661_01,0.5733333333333333
6666_01,0.43
6677_01,0.9132524826394792
6678_01,0.1
6678_02,1.0
6679_01,0.01
6682_01,0.7056976634476633
6682_02,0.64
6685_01,0.04
6686_01,0.48
6687_01,0.03
6688_01,1.0
6689_01,0.48
6689_02,0.52
6690_01,0.8371181513570065
6695_01,0.6
6696_01,0.65
6700_01,0.5231645021645022
6700_02,0.0
6701_01,1.0
6703_01,0.02
6704_01,0.5316666666666666
6705_01,0.46
6710_01,0.5944998183565503
6712_01,0.12
6714_01,0.12
6715_01,0.13
6716_01,0.17
6717_01,1.0
6723_01,0.44
6728_01,1.0
6732_01,0.63
6733_01,0.34
6735_01,0.1
6737_01,0.14
6738_01,0.43
6738_02,0.9285056259249792
6740_01,0.17
6743_01,0.9169914045960615
6752_01,0.21
6752_02,0.23
6752_03,0.13
6755_01,0.01
6759_01,0.6963151293151293
6767_01,0.11
6767_02,0.5358333333333334
6768_01,0.16
6769_01,1.0
6770_01,1.0
6770_02,1.0
6770_03,1.0
6771_01,0.21
6772_01,0.7427424239417271
6772_02,0.38
6777_01,1.0
6781_01,0.9908333333333335
6783_01,0.7599978354978351
6785_01,0.5980904713318868
6790_01,0.21
6791_01,0.71
6793_01,0.94
6793_02,1.0
6795_01,0.23
6797_01,0.04
6803_01,0.3
6804_01,0.5
6807_01,0.6
6807_02,0.7427424239417271
6809_01,0.18
6811_01,0.9154357031857032
6812_01,0.03
6812_02,0.06
6815_01,0.11
6819_01,0.31
6819_02,0.7861735241882299
6819_03,0.7248778732974146
6823_01,0.6118247436112593
6828_01,0.5749604042672155
6830_01,0.5388333349656879
6835_01,0.9085833333333333
6835_02,0.31
6836_01,0.24
6838_01,0.9967307692307692
6838_02,0.01
6838_03,0.37
6842_01,0.19
6845_01,1.0
6846_01,0.02
6847_01,0.1
6849_01,0.01
6852_01,0.53
6852_02,0.02
6855_01,0.2725
6856_01,0.13
6860_01,0.24
6867_01,0.26
6870_01,0.04
6872_01,0.576545498619028
6874_01,0.8590875665012656
6875_01,0.69
6875_02,0.24
6875_03,0.82
6876_01,0.64
6876_02,0.5986612913845968
6876_03,0.8016118137855922
6877_01,0.25
6878_01,0.9213320476822802
6881_01,0.33
6884_01,0.6477731288923405
6886_01,0.9406595156238444
6888_01,0.52
6888_02,0.9199999718633619
6888_03,0.9691666666666666
6888_04,0.41
6890_01,0.15
6897_01,0.05
6904_01,0.6477731288923405
6904_02,0.576545498619028
6904_03,0.63
6909_01,1.0
6914_01,0.6589297091797092
6916_01,1.0
6919_01,0.7592622100122095
6922_01,0.9085
6923_01,0.8737701661084009
6927_01,0.01
6933_01,1.0
6933_02,0.8965476190476191
6935_01,0.08
6936_01,0.1
6936_02,0.09
6936_03,1.0
6938_01,0.7223812431597783
6941_01,0.6477731288923405
6942_01,0.6195722055722055
6948_01,0.3584834054834053
6952_01,1.0
6953_01,0.71
6955_01,0.17
6956_01,0.41
6958_01,0.4
6959_01,0.15
6959_02,0.8580309135309137
6959_03,0.9132524826394792
6961_01,0.2
6961_02,0.06
6965_01,1.0
6969_01,0.01
6974_01,0.12
6975_01,0.1
6983_01,0.5591666666666667
6983_02,0.01
6986_01,0.6300238095238095
6986_02,0.12
6986_03,0.9132524826394792
6986_04,1.0
6986_05,0.576545498619028
6986_06,0.65
6986_07,0.56
6986_08,0.0044444444444444444
6989_01,0.8459664502164503
6993_01,0.1
7000_01,0.9285056259249792
7003_01,0.23
7009_01,0.1
7009_02,0.1
7012_01,0.7056976634476633
7023_01,0.23
7024_01,0.995
7030_01,0.14
7033_01,0.5356666666666667
7035_01,0.47622517270311404
7043_01,0.585660533910534
7046_01,0.0
7046_02,0.05
7046_03,0.14
7054_01,0.99
7054_02,1.0
7055_01,0.6522380952380951
7063_01,0.72
7063_02,0.03
7064_01,0.24
7065_01,0.7223812431597783
7066_01,0.18
7066_02,0.27269444444444435
7067_01,0.6161590492840495
7067_02,0.33970951270951266
7067_03,0.01
7070_01,0.85
7075_01,0.04
7076_01,0.3584834054834053
7081_01,0.99
7081_02,0.9365294111128842
7100_01,1.0
7100_02,0.12
7101_01,0.22
7101_02,0.15
7102_01,1.0
7103_01,0.1
7103_02,1.0
7107_01,0.9132524826394792
7108_01,0.05
7112_01,0.89
7115_01,0.8942695694828044
7122_01,0.83
7123_01,0.17
7124_01,1.0
7124_02,1.0
7124_03,0.42
7125_01,0.9208282828282828
7129_01,0.5
7130_01,0.7957342650857574
7130_02,0.9132524826394792
7130_03,0.32
7130_04,0.05
7130_05,0.9521259018759018
7130_06,0.7573293650793651
7130_07,0.22
7131_01,0.61
7135_01,0.8401376956376955
7135_02,0.73
7135_03,0.36
7135_04,0.5944998183565503
7136_01,0.97
7138_01,0.0
7139_01,0.19
7141_01,0.47
7145_01,0.2
7146_01,0.01
7147_01,1.0
7150_01,0.31
7150_02,0.6671829154181367
7153_01,0.05
7154_01,0.22
7158_01,0.07
7163_01,1.0
7163_02,1.0
7163_03,0.0
7164_01,0.26
7169_01,0.5749604042672155
7172_01,0.03
7172_02,0.06
7174_01,0.11
7178_01,0.8942695694828044
7183_01,0.7381918343343385
7185_01,1.0
7195_01,0.8459664502164503
7196_01,1.0
7198_01,0.47622517270311404
7201_01,0.36
7204_01,0.11
7209_01,0.815
7209_02,0.89
7211_01,0.04
7212_01,0.67
7213_01,0.6351539351171701
7220_01,0.12
7222_01,0.57
7223_01,0.9169914045960615
7228_01,0.7145589551141412
7231_01,0.11
7237_01,0.9122941509385002
7239_01,0.7381918343343385
7241_01,1.0
7241_02,0.0
7243_01,0.8016118137855922
7243_02,0.7101334776334776
7243_03,0.8016118137855922
7243_04,0.26
7243_05,0.12611111111111112
7244_01,1.0
7245_01,1.0
7248_01,0.16
7248_02,0.6088537763406183
7251_01,0.8590875665012656
7254_01,0.13
7262_01,0.26
7263_01,0.2
7264_01,0.09
7265_01,0.40414285714285714
7266_01,0.24
7266_02,0.4626797646797648
7266_03,0.5986612913845968
7269_01,0.38
7269_02,0.601424603174603
7272_01,0.753265334838501
7275_01,0.83
7281_01,0.21
7282_01,0.739646103896104
7286_01,0.09
7287_01,0.946148992800621
7288_01,0.2
7291_01,0.5835388867668279
7293_01,0.38
7294_01,0.13
7295_01,0.06
7295_02,0.26
7299_01,0.78
7308_01,1.0
7312_01,0.46
7315_01,0.7381918343343385
7316_01,0.4
7317_01,0.1
7318_01,0.19
7319_01,0.67
7319_02,0.6
7319_03,0.51
7325_01,0.09
7329_01,0.47
7329_02,0.52
7329_03,0.97
7333_01,0.38
7335_01,0.6903084554334558
7345_01,0.13
7348_01,0.04
7348_02,0.991768759203286
7348_03,1.0
7349_01,0.15
7352_01,0.23
7354_01,0.8274394494394492
7354_02,1.0
7354_03,1.0
7354_04,0.11
7354_05,1.0
7354_06,0.52
7355_01,0.08
7357_01,0.8533929958929956
7362_01,0.08
7363_01,0.7281230158730156
7364_01,0.8
7368_01,1.0
7369_01,0.13
7373_01,1.0
7373_02,1.0
7375_01,0.67
7378_01,0.22
7380_01,0.49400000000000005
7380_02,1.0
7380_03,0.15
7380_04,1.0
7381_01,0.6768452380952378
7382_01,0.3062857142857142
7383_01,0.9931135531135531
7383_02,0.27
7384_01,0.01
7386_01,0.5231645021645022
7389_01,0.9012810429940725
7397_01,0.9390000000000001
7400_01,0.16
7404_01,0.7427424239417271
7407_01,0.7775
7409_01,0.08
7409_02,0.41
7412_01,1.0
7413_01,0.7600805389724254
7413_02,0.0044444444444444444
7414_01,0.1
7415_01,0.23
7417_01,0.12
7417_02,0.27
7420_01,0.17
7421_01,0.9406595156238444
7421_02,0.82
7423_01,0.07
7423_02,1.0
7424_01,0.1
7426_01,1.0
7426_02,1.0
7426_03,1.0
7433_01,0.7592622100122095
7434_01,0.02
7439_01,0.05
7439_02,1.0
7440_01,0.19
7441_01,1.0
7443_01,0.6351539351171701
7451_01,0.5
7454_01,0.26
7463_01,0.07
7465_01,0.36
7466_01,0.44
7467_01,0.09
7468_01,0.4501666666666667
7469_01,0.1
7470_01,0.7248778732974146
7471_01,0.8016118137855922
7471_02,0.47
7473_01,0.04
7473_02,0.36
7474_01,0.46885317460317444
7476_01,0.55
7480_01,0.09
7482_01,1.0
7482_02,0.08
7489_01,0.5585985661397427
7489_02,0.09
7489_03,0.583392857142857
7491_01,0.7107993485008932
7493_01,0.22
7497_01,0.5550835861794663
7511_01,0.67
7516_01,0.56
7519_01,0.06
7526_01,0.946148992800621
7528_01,0.5896861471861471
7528_02,0.9154146825396825
7528_03,0.07
7528_04,0.8096316863820731
7530_01,1.0
7530_02,0.12
7530_03,0.14
7530_04,0.04
7532_01,0.6196666666666666
7537_01,0.8793333333333334
7539_01,1.0
7539_02,0.95
7540_01,0.28
7541_01,0.8754958648331069
7541_02,0.8136626984126981
7541_03,1.0
7546_01,1.0
7547_01,0.72
7548_01,0.3
7551_01,0.6
7554_01,0.6755897618781875
7555_01,0.23
7556_01,1.0
7556_02,0.7665220057720059
7556_03,0.25
7556_04,1.0
7557_01,0.22
7557_02,1.0
7557_03,0.8362196969696964
7558_01,0.09
7558_02,1.0
7562_01,0.37
7564_01,0.03
7566_01,0.31
7570_01,0.8484999999999999
7570_02,0.51
7571_01,0.26
7575_01,0.1
7581_01,0.35
7582_01,0.7248778732974146
7582_02,0.7026607583736066
7582_03,0.5986612913845968
7582_04,0.14
7582_05,0.6265626985875831
7587_01,0.75
7589_01,0.6118247436112593
7590_01,0.85
7591_01,0.77
7591_02,0.8
7593_01,1.0
7597_01,0.8136626984126981
7597_02,0.5091439393939394
7597_03,0.08
7597_04,0.6720394761327425
7597_05,0.25
7597_06,0.5882567651646599
7597_07,0.18
7600_01,0.9365294111128842
7600_02,0.19
7602_01,1.0
7603_01,0.89
7607_01,0.23
7610_01,0.5170833333333333
7610_02,0.45
7611_01,0.14
7611_02,0.18
7612_01,0.0
7612_02,0.5231645021645022
7613_01,1.0
7615_01,0.18
7617_01,0.25844877344877343
7619_01,0.22817857142857131
7629_01,0.37
7629_02,0.46
7629_03,0.9122941509385002
7636_01,0.08
7637_01,1.0
7637_02,0.11
7637_03,1.0
7638_01,0.7145589551141412
7642_01,0.8754958648331069
7645_01,1.0
7648_01,0.61
7651_01,0.9255439312448666
7653_01,0.17
7654_01,1.0
7655_01,0.62
7657_01,0.27
7658_01,0.81
7659_01,0.2
7662_01,0.8906587162837163
7663_01,0.7969797476345463
7664_01,0.05
7668_01,0.43
7672_01,0.01
7673_01,0.23
7674_01,0.08
7675_01,0.23
7681_01,0.9285056259249792
7685_01,0.5231645021645022
7686_01,0.8533929958929956
7695_01,0.39
7701_01,0.28
7704_01,1.0
7706_01,0.87
7718_01,1.0
7722_01,0.45
7725_01,1.0
7726_01,0.6769385478094588
7730_01,0.17
7732_01,0.14
7733_01,0.04
7734_01,0.62
7735_01,0.07
7737_01,0.6477731288923405
7740_01,0.69
7740_02,0.6760375086075886
7745_01,0.54
7750_01,0.23
7756_01,0.98
7758_01,0.15
7759_01,0.63
7762_01,0.04
7765_01,0.6265626985875831
7765_02,0.5944998183565503
7765_03,0.6681690579666955
7766_01,0.25
7772_01,0.7427424239417271
7779_01,0.9
7781_01,0.54
7792_01,1.0
7792_02,1.0
7792_03,1.0
7792_04,0.16
7792_05,1.0
7794_01,0.0
7795_01,0.31
7795_02,0.67
7796_01,0.36
7798_01,0.31491500481959256
7798_02,0.84
7799_01,0.56
7804_01,0.1
7807_01,0.6351539351171701
7811_01,0.8362196969696964
7814_01,0.66
7817_01,0.08
7819_01,0.7145589551141412
7822_01,0.31
7823_01,0.3096428571428571
7825_01,0.02
7825_02,1.0
7825_03,0.14
7826_01,1.0
7827_01,1.0
7836_01,0.34
7838_01,1.0
7844_01,0.4
7846_01,0.09
7846_02,1.0
7854_01,0.7490000000000001
7855_01,0.21
7857_01,0.47622517270311404
7860_01,0.06
7862_01,0.7600805389724254
7867_01,0.38
7869_01,0.07
7874_01,0.29
7874_02,0.47
7876_01,0.49440476190476185
7880_01,1.0
7880_02,0.01
7887_01,0.6681690579666955
7893_01,1.0
7893_02,1.0
7893_03,1.0
7893_04,1.0
7893_05,1.0
7896_01,0.46
7898_01,0.4
7900_01,0.2
7906_01,0.07
7909_01,0.09
7909_02,0.0
7911_01,0.7145589551141412
7912_01,0.27
7915_01,1.0
7915_02,0.33
7915_03,0.8665099206349199
7917_01,0.7600805389724254
7921_01,0.5866666666666667
7921_02,0.03
7923_01,0.55
7925_01,0.84
7927_01,0.7793333333333332
7927_02,0.34949807042802383
7927_03,0.5986612913845968
7928_01,0.44
7931_01,0.05
7932_01,0.48
7933_01,0.99
7934_01,1.0
7934_02,1.0
7934_03,1.0
7938_01,0.22
7942_01,0.04
7942_02,0.5585985661397427
7948_01,0.03
7951_01,1.0
7953_01,0.13
7956_01,0.48
7959_01,0.46
7961_01,0.19
7963_01,0.87
7963_02,0.37
7963_03,0.7169561549561548
7964_01,0.9285056259249792
7965_01,0.5944998183565503
7966_01,0.07
7969_01,0.7969797476345463
7971_01,1.0
7971_02,0.04
7975_01,0.9517780079525932
7977_01,0.02926190476190476
7978_01,0.5986612913845968
7978_02,0.13
7979_01,0.15
7980_01,0.05
7991_01,0.0
7991_02,0.44
7991_03,1.0
7991_04,1.0
7992_01,0.96
7997_01,0.6118247436112593
7998_01,0.87
7998_02,1.0
7998_03,1.0
7998_04,1.0
8001_01,0.26
8002_01,0.16
8008_01,0.06
8009_01,0.4825414862914863
8011_01,0.8561779054279051
8013_01,0.86
8017_01,0.13
8022_01,0.54
8028_01,0.07
8033_01,0.02
8039_01,0.99
8039_02,1.0
8040_01,0.9012810429940725
8041_01,0.17
8041_02,1.0
8044_01,1.0
8045_01,0.25
8047_01,1.0
8048_01,0.62
8051_01,0.9886730769230769
8051_02,0.6768386853113633
8061_01,0.07479193471460262
8061_02,0.81
8062_01,0.09
8065_01,0.0
8070_01,0.14
8073_01,0.6681690579666955
8074_01,0.6883383310335544
8080_01,0.98
8090_01,0.6769385478094588
8093_01,0.04463414634146341
8095_01,0.4125
8096_01,0.8906587162837163
8099_01,0.8096316863820731
8100_01,0.61
8101_01,0.9133823683775725
8104_01,0.65
8109_01,0.42
8110_01,0.11
8111_01,0.7599978354978351
8113_01,0.5820732323232322
8113_02,0.6214003496503495
8113_03,0.5585985661397427
8113_04,0.13
8114_01,0.77
8125_01,1.0
8125_02,0.83
8126_01,0.08
8127_01,0.56
8132_01,0.11
8134_01,0.57
8142_01,1.0
8145_01,0.61
8146_01,1.0
8151_01,0.23
8154_01,0.88
8155_01,0.98
8160_01,0.2
8163_01,1.0
8166_01,0.55
8169_01,0.27
8170_01,1.0
8172_01,0.9012810429940725
8174_01,0.4
8179_01,1.0
8180_01,0.06
8181_01,0.13
8181_02,0.15
8181_03,1.0
8183_01,0.15
8184_01,0.14
8185_01,0.12
8187_01,0.09
8188_01,0.24
8193_01,0.6118247436112593
8195_01,1.0
8196_01,0.2
8196_02,0.5560463425463427
8198_01,0.576545498619028
8201_01,1.0
8206_01,0.11
8215_01,0.92
8223_01,0.5231645021645022
8228_01,0.08
8230_01,0.23
8234_01,0.18
8236_01,1.0
8240_01,0.99
8241_01,0.34671003727804767
8245_01,0.6755897618781875
8245_02,0.7493702468412221
8246_01,0.8754958648331069
8249_01,0.08
8250_01,0.5944998183565503
8253_01,0.09
8256_01,0.54
8258_01,0.05
8262_01,0.33
8263_01,0.29
8269_01,0.77
8274_01,0.48
8278_01,0.8132761130338528
8283_01,1.0
8284_01,0.837114968364968
8284_02,0.63
8285_01,0.15
8286_01,1.0
8290_01,0.9912857142857143
8293_01,0.03
8296_01,0.8949219216456058
8299_01,0.06
8304_01,0.17
8304_02,1.0
8304_03,0.53
8305_01,1.0
8305_02,1.0
8305_03,1.0
8308_01,0.08
8309_01,0.48
8311_01,0.13
8312_01,0.8665099206349199
8325_01,0.576545498619028
8325_02,0.08
8327_01,0.1
8331_01,0.48
8337_01,0.3
8340_01,0.27
8340_02,0.89
8340_03,0.23
8347_01,0.5997240560493186
8349_01,0.42
8350_01,0.0
8351_01,0.0
8352_01,0.22
8353_01,0.04
8355_01,1.0
8357_01,0.99
8357_02,1.0
8358_01,0.12
8359_01,0.06
8361_01,0.0
8361_02,0.09
8361_03,1.0
8361_04,1.0
8361_05,0.74
8364_01,0.6955468313935806
8367_01,0.52
8370_01,0.98
8370_02,0.01
8372_01,1.0
8385_01,0.9213320476822802
8385_02,0.06
8385_03,1.0
8387_01,0.79
8389_01,0.6118247436112593
8391_01,0.68
8396_01,0.54
8399_01,0.09
8400_01,0.32
8400_02,0.601424603174603
8400_03,0.03
8402_01,1.0
8402_02,1.0
8402_03,1.0
8408_01,0.37
8408_02,0.9154357031857032
8412_01,0.63
8413_01,0.8371181513570065
8415_01,0.28
8417_01,0.42
8422_01,0.11
8424_01,0.2
8425_01,0.85143093018093
8425_02,0.8401376956376955
8426_01,0.6
8426_02,0.0
8428_01,0.79
8434_01,1.0
8435_01,0.3
8436_01,0.16
8439_01,0.7381918343343385
8440_01,0.34
8440_02,1.0
8440_03,0.9169914045960615
8443_01,0.9169914045960615
8443_02,0.18
8445_01,1.0
8445_02,0.6306428571428571
8445_03,0.7573293650793651
8446_01,0.11
8450_01,1.0
8450_02,0.07
8450_03,0.9169914045960615
8453_01,0.65
8455_01,0.0
8461_01,0.62
8464_01,0.1
8464_02,0.8266778755014047
8473_01,0.5986612913845968
8473_02,0.03
8478_01,0.7248778732974146
8478_02,0.04
8484_01,0.8425719280719277
8485_01,0.7793333333333332
8488_01,0.55
8490_01,0.03
8496_01,0.22
8497_01,0.5033214285714287
8498_01,0.16
8499_01,0.5997240560493186
8501_01,0.798701659451659
8505_01,0.03
8507_01,0.59
8510_01,0.08
8510_02,1.0
8513_01,0.01
8515_01,0.14
8517_01,0.17
8517_02,1.0
8518_01,0.6671829154181367
8519_01,0.72
8520_01,0.25
8520_02,0.41950617626379844
8525_01,0.83
8525_02,1.0
8526_01,0.2
8526_02,0.94
8527_01,0.8533929958929956
8529_01,0.17
8531_01,0.7145589551141412
8532_01,0.41
8533_01,0.6186785714285715
8534_01,0.6760375086075886
8534_02,0.5091439393939394
8534_03,0.6755897618781875
8534_04,0.51
8538_01,0.08
8543_01,0.82
8543_02,0.8590875665012656
8543_03,0.37
8543_04,0.13
8543_05,0.17
8543_06,0.08
8543_07,0.7592622100122095
8543_08,0.26
8546_01,0.829247641247641
8547_01,0.09
8550_01,0.19
8553_01,0.1
8555_01,0.6903084554334558
8555_02,0.55
8555_03,0.9122941509385002
8558_01,0.6720394761327425
8562_01,0.39
8563_01,0.07
8564_01,0.32
8565_01,0.5835388867668279
8565_02,0.9491608946608945
8565_03,0.27
8567_01,0.03
8567_02,0.1
8567_03,0.07
8568_01,1.0
8568_02,1.0
8575_01,0.48
8576_01,0.6635515873015873
8578_01,0.21
8579_01,1.0
8582_01,0.7381918343343385
8583_01,0.8592411416842529
8583_02,1.0
8590_01,0.21
8591_01,0.64
8593_01,0.0
8600_01,0.7107993485008932
8601_01,0.42
8608_01,0.7414496336996338
8621_01,0.95
8622_01,0.07
8625_01,0.06
8627_01,0.02
8630_01,0.68
8632_01,0.7600805389724254
8632_02,0.0044444444444444444
8647_01,0.8665099206349199
8648_01,0.8879462759462758
8648_02,0.07
8648_03,0.5550835861794663
8649_01,0.01
8651_01,0.22
8652_01,0.09
8655_01,0.1
8660_01,0.66
8662_01,0.56
8665_01,0.7381918343343385
8666_01,0.7223812431597783
8676_01,0.83
8677_01,0.11
8677_02,0.94
8677_03,0.96
8678_01,0.97
8678_02,0.31
8679_01,0.6671829154181367
8682_01,0.04
8686_01,0.92
8689_01,0.0044444444444444444
8690_01,0.02
8690_02,0.74
8692_01,1.0
8692_02,0.06
8692_03,0.8597407592407589
8697_01,0.47622517270311404
8698_01,0.46
8699_01,0.5266349206349207
8702_01,0.32
8705_01,0.3275
8706_01,0.32
8707_01,0.11
8711_01,0.63
8713_01,0.05
8713_02,1.0
8715_01,0.7145589551141412
8718_01,0.32
8724_01,0.15
8725_01,0.34949807042802383
8726_01,0.8737701661084009
8730_01,0.02
8731_01,0.18
8737_01,0.7867069597069595
8738_01,0.5749604042672155
8739_01,0.02
8740_01,0.11
8742_01,0.15
8745_01,0.21
8746_01,0.5388333349656879
8747_01,0.8266778755014047
8747_02,0.38
8748_01,0.21
8748_02,0.27
8756_01,0.26
8758_01,0.15
8758_02,0.83
8761_01,0.15
8763_01,0.07
8763_02,0.02
8763_03,0.8744973052259196
8765_01,0.33
8767_01,0.0
8767_02,0.01
8768_01,0.47
8768_02,0.72
8768_03,0.13
8775_01,0.8401376956376955
8777_01,0.09
8778_01,0.8949219216456058
8778_02,1.0
8784_01,0.4
8788_01,0.1
8792_01,0.44
8793_01,0.19
8793_02,0.9693292752344942
8793_03,1.0
8793_04,0.03
8793_05,1.0
8795_01,0.23
8800_01,0.7248778732974146
8800_02,0.6760375086075886
8800_03,0.5585985661397427
8800_04,0.68
8800_05,0.9267484737484736
8803_01,0.8533929958929956
8804_01,1.0
8804_02,1.0
8804_03,1.0
8804_04,0.17
8804_05,0.09
8810_01,0.17
8814_01,0.8132761130338528
8829_01,0.73
8832_01,0.15
8837_01,0.08
8839_01,0.92
8839_02,0.43
8846_01,0.05
8846_02,0.04
8847_01,0.6769385478094588
8851_01,0.7207518037518038
8855_01,0.13
8857_01,0.9154146825396825
8859_01,0.13
8866_01,0.79
8870_01,1.0
8870_02,0.15
8873_01,0.49400000000000005
8873_02,0.03
8873_03,1.0
8875_01,1.0
8875_02,0.05
8875_03,1.0
8877_01,0.8274394494394492
8877_02,1.0
8879_01,0.5944998183565503
8882_01,0.14
8887_01,0.9923207070707071
8888_01,0.07
8893_01,1.0
8893_02,1.0
8895_01,1.0
8895_02,0.13
8898_01,0.6
8908_01,0.5388333349656879
8909_01,0.42
8911_01,0.56
8912_01,0.837114968364968
8913_01,0.601424603174603
8913_02,0.6265626985875831
8913_03,0.9491608946608945
8914_01,0.35
8915_01,0.02
8916_01,0.601424603174603
8917_01,0.7427424239417271
8921_01,1.0
8924_01,1.0
8925_01,0.9967307692307692
8925_02,1.0
8925_03,1.0
8925_04,1.0
8925_05,1.0
8925_06,0.0
8927_01,0.87
8929_01,0.27
8931_01,0.23
8933_01,0.20240981240981232
8934_01,0.02
8935_01,0.8
8936_01,0.12
8943_01,0.08
8946_01,1.0
8949_01,0.26
8950_01,0.32
8951_01,0.09
8952_01,0.18
8953_01,0.48
8957_01,0.3
8958_01,0.5550835861794663
8960_01,0.5986612913845968
8960_02,0.13
8960_03,0.6755897618781875
8962_01,0.33
8963_01,1.0
8965_01,0.05
8971_01,0.92
8974_01,1.0
8979_01,0.41
8980_01,0.13
8980_02,0.21
8980_03,0.6088537763406183
8980_04,0.05
8980_05,0.18
8980_06,0.544904761904762
8980_07,1.0
8984_01,0.08
8990_01,0.5379855699855701
8991_01,0.6
8994_01,0.08
8994_02,1.0
8995_01,0.12
9000_01,0.11
9002_01,0.04
9005_01,0.7223812431597783
9016_01,0.01
9016_02,0.11
9016_03,0.01
9016_04,1.0
9016_05,0.03
9017_01,0.601424603174603
9022_01,0.03
9022_02,0.6681690579666955
9022_03,0.6755897618781875
9025_01,0.25
9025_02,0.6755897618781875
9027_01,0.0
9033_01,0.8401376956376955
9039_01,0.5550835861794663
9040_01,0.09
9044_01,0.22
9045_01,0.36
9045_02,0.29094877344877346
9047_01,0.71
9050_01,0.7145589551141412
9051_01,0.24
9053_01,0.9365294111128842
9053_02,1.0
9054_01,0.9378333333333333
9055_01,0.2
9056_01,0.3
9058_01,0.07
9062_01,0.15
9062_02,0.7281230158730156
9063_01,1.0
9065_01,0.9517780079525932
9067_01,0.14
9067_02,0.34819334831834825
9070_01,0.08
9070_02,0.74
9082_01,0.16
9083_01,0.8266778755014047
9083_02,0.8592411416842529
9086_01,0.6671829154181367
9086_02,0.28
9087_01,0.05
9088_01,0.99
9090_01,0.24
9091_01,0.8949219216456058
9092_01,0.16
9093_01,0.01
9095_01,0.265
9096_01,0.3584834054834053
9096_02,0.5997240560493186
9100_01,0.22
9102_01,0.8949219216456058
9105_01,0.3584834054834053
9109_01,0.7493702468412221
9113_01,0.9169914045960615
9117_01,0.22
9121_01,1.0
9123_01,0.9549047619047619
9133_01,0.576545498619028
9135_01,0.06
9138_01,0.35
9143_01,0.0
9143_02,0.1
9143_03,0.04
9146_01,0.13
9146_02,0.24
9146_03,1.0
9147_01,0.6755897618781875
9153_01,0.56
9154_01,0.7600805389724254
9155_01,0.33
9155_02,0.05
9155_03,1.0
9155_04,1.0
9162_01,1.0
9162_02,0.06
9162_03,0.01
9166_01,1.0
9171_01,0.67
9177_01,1.0
9177_02,1.0
9182_01,0.02
9187_01,0.69
9187_02,0.09
9191_01,0.6195722055722055
9198_01,0.2
9200_01,0.35
9204_01,0.12
9206_01,1.0
9206_02,0.0
9206_03,0.6475
9207_01,0.85
9209_01,0.523
9210_01,0.06
9212_01,0.13
9212_02,0.8401376956376955
9214_01,0.06
9215_01,1.0
9216_01,0.22
9223_01,0.9012810429940725
9223_02,0.544904761904762
9228_01,0.08
9229_01,0.33095670995671
9232_01,0.2
9236_01,0.8079999999999999
9238_01,0.46297188350864815
9238_02,0.8580309135309137
9238_03,0.7600805389724254
9238_04,0.08
9238_05,0.7107993485008932
9238_06,0.9122941509385002
9238_07,0.27
9240_01,0.12
9243_01,0.98
9245_01,0.13
9249_01,0.75
9255_01,0.8
9258_01,0.946148992800621
9260_01,0.8580309135309137
9262_01,0.38
9263_01,0.7599978354978351
9265_01,1.0
9266_01,0.662
9266_02,0.5231645021645022
9269_01,0.34
9271_01,0.991768759203286
9273_01,0.83
9277_01,0.05083333333333333
